Workbook

Sheet global_freelancers_raw
A1: freelancer_ID | B1: name | C1: gender | D1: age | E1: country | F1: language | G1: primary_skill | H1: years_of_experience | I1: hourly_rate (USD) | J1: rating | K1: is_active | L1: client_satisfaction
A2: FL250001 | B2: Ms. Nicole Kidd | C2: f | D2: 52 | E2: Italy | F2: Italian | G2: Blockchain Development | H2: 11 | I2: 100 | K2: 0
A3: FL250002 | B3: Vanessa Garcia | C3: FEMALE | D3: 52 | E3: Australia | F3: English | G3: Mobile Apps | H3: 34 | I3: USD 100 | J3: 3.3 | K3: 1 | L3: 0.84
A4: FL250003 | B4: Juan Nelson | C4: male | D4: 53 | E4: Germany | F4: German | G4: Graphic Design | H4: 31 | I4: 50 | J4: 0 | K4: N | L4: 0.71
A5: FL250004 | B5: Amanda Spencer | C5: F | D5: 38 | E5: Australia | F5: English | G5: Web Development | H5: 4 | I5: $40 | J5: 1.5 | K5: N | L5: 0.9
A6: FL250005 | B6: Lynn Curtis DDS | C6: female | D6: 53 | E6: Germany | F6: German | G6: Web Development | H6: 27 | I6: 30 | J6: 4.8 | K6: 0 | L6: 0.83
A7: FL250006 | B7: Lisa Johnson | C7: female | D7: 59 | E7: Netherlands | F7: Dutch | G7: AI | H7: 14 | I7: $30 | J7: 2.4 | K7: False
A8: FL250007 | B8: Eric Myers | C8: m | D8: 52 | E8: Indonesia | F8: Indonesian | G8: Data Analysis | H8: 10 | I8: USD 75 | J8: 3.1 | K8: 0 | L8: 0.94
A9: FL250008 | B9: Ricky Graham | C9: male | D9: 43 | E9: Italy | F9: Italian | G9: Blockchain Development | H9: 14 | I9: USD 40 | J9: 4.6 | K9: False | L9: 0.94
A10: FL250009 | B10: Sean Martin | C10: male | D10: 26 | E10: United States | F10: English | G10: Blockchain Development | H10: 4 | J10: 4 | K10: True | L10: 0.76
A11: FL250010 | B11: Matthew Lloyd | C11: MALE | D11: 52 | E11: Turkey | F11: Turkish | G11: AI | H11: 22 | I11: $50 | K11: 1
A12: FL250011 | B12: Gavin Randall | C12: m | D12: 40 | E12: United Kingdom | F12: English | G12: Data Analysis | H12: 17 | I12: 40 | J12: 3.6 | K12: yes | L12: 0.77
A13: FL250012 | B13: Michelle Curtis | C13: FEMALE | D13: 55 | E13: Argentina | F13: Spanish | G13: UI/UX Design | H13: 15 | K13: Y | L13: 0.86
A14: FL250013 | B14: Alice Schneider | C14: Female | D14: 57 | E14: United Kingdom | F14: English | G14: Cybersecurity | H14: 18 | J14: 2 | K14: 0 | L14: 0.86
A15: FL250014 | B15: Phillip Shelton | C15: MALE | D15: 38 | E15: Argentina | F15: Spanish | G15: Graphic Design | H15: 20 | I15: USD 75 | J15: 2.9 | K15: 1 | L15: 0.93
A16: FL250015 | B16: Edward Ferguson | C16: MALE | D16: 50 | E16: Germany | F16: German | G16: Data Analysis | H16: 22 | I16: 75 | J16: 3.7 | K16: 1 | L16: 0.7
A17: FL250016 | B17: Wyatt Stout | C17: m | D17: 42 | E17: Japan | F17: Japanese | G17: Data Analysis | H17: 0 | I17: $30 | J17: 1.2 | K17: 0 | L17: 0.69
A18: FL250017 | B18: Laura Johnson | C18: Female | D18: 39 | E18: Australia | F18: English | G18: DevOps | H18: 13 | I18: $30 | J18: 2.5 | K18: False | L18: 0.6
A19: FL250018 | B19: Scott Burns | C19: M | D19: 56 | E19: India | F19: Hindi | G19: Blockchain Development | L19: 0.87
A20: FL250019 | B20: Tyler Aguirre | C20: Male | D20: 56 | E20: United States | F20: English | G20: UI/UX Design | H20: 31 | I20: USD 50 | J20: 1.1 | K20: N | L20: 0.75
A21: FL250020 | B21: Matthew Lawson | C21: Male | D21: 57 | E21: Italy | F21: Italian | G21: Web Development | H21: 3 | I21: USD 100 | J21: 1.8 | K21: yes | L21: 0.68
A22: FL250021 | B22: James Cherry | C22: Male | E22: Indonesia | F22: Indonesian | G22: AI | H22: 9 | I22: 50 | J22: 1.8 | K22: False | L22: 0.65
A23: FL250022 | B23: Samuel Sanford | C23: m | D23: 51 | E23: Japan | F23: Japanese | G23: DevOps | J23: 2.4 | K23: N | L23: 0.69
A24: FL250023 | B24: Cesar Greene | C24: m | D24: 51 | E24: Brazil | F24: Portuguese | G24: Cybersecurity | H24: 21 | I24: USD 30 | J24: 4.7 | K24: N
A25: FL250024 | B25: Melanie Carter | C25: female | D25: 51 | E25: South Korea | F25: Korean | G25: Machine Learning | H25: 15 | I25: $50 | J25: 1.3 | K25: 1 | L25: 1
A26: FL250025 | B26: Jennifer Martin | C26: f | D26: 54 | E26: Indonesia | F26: Indonesian | G26: Machine Learning | H26: 13 | I26: 75 | J26: 2.9 | L26: 92
A27: FL250026 | B27: Anna Mccann | C27: FEMALE | D27: 22 | E27: South Korea | F27: Korean | G27: DevOps | H27: 0 | I27: USD 30 | J27: 1.2 | K27: 1 | L27: 0.7
A28: FL250027 | B28: Marissa Bass | C28: female | D28: 34 | E28: Japan | F28: Japanese | G28: Blockchain Development | H28: 8 | I28: $20 | J28: 0 | K28: True | L28: 0.89
A29: FL250028 | B29: Alexis Day | C29: Female | D29: 36 | E29: Russia | F29: Russian | G29: Graphic Design | H29: 11 | J29: 1.8 | K29: Y | L29: 0.86
A30: FL250029 | B30: Megan Jones | C30: female | D30: 47 | E30: Canada | F30: English | G30: AI | H30: 22 | I30: 30 | J30: 1.3 | K30: 0 | L30: 0.62
A31: FL250030 | B31: Lori Smith | C31: FEMALE | D31: 41 | E31: Netherlands | F31: Dutch | G31: Data Analysis | H31: 14 | I31: USD 75 | J31: 1.2 | K31: 0
A32: FL250031 | B32: Eric Carpenter | C32: Male | D32: 22 | E32: Netherlands | F32: Dutch | G32: DevOps | H32: 4 | J32: 1 | K32: yes
A33: FL250032 | B33: Timothy Daniels | C33: Male | D33: 38 | E33: France | F33: French | G33: Machine Learning | H33: 19 | I33: USD 100 | J33: 4.2 | K33: N | L33: 0.68
A34: FL250033 | B34: Robert Nelson | C34: M | D34: 46 | E34: Egypt | F34: Arabic | G34: AI | H34: 9 | I34: 20 | J34: 1.4 | K34: True | L34: 0.76
A35: FL250034 | B35: Michael Anderson | C35: male | E35: South Korea | F35: Korean | G35: AI | H35: 9 | I35: 40 | J35: 2.4 | K35: yes | L35: 82
A36: FL250035 | B36: Jessica Snyder | C36: FEMALE | D36: 54 | E36: United States | F36: English | G36: Web Development | H36: 32 | I36: 75 | J36: 1 | K36: yes | L36: 0.81
A37: FL250036 | B37: Emily Daniels | C37: female | D37: 52 | E37: South Korea | F37: Korean | G37: Web Development | H37: 28 | I37: $20 | K37: 0
A38: FL250037 | B38: Jamie Ramirez | C38: f | D38: 42 | E38: Japan | F38: Japanese | G38: Mobile Apps | H38: 6 | I38: 40 | K38: 0 | L38: 0.63
A39: FL250038 | B39: Amy Harrison | C39: F | D39: 29 | E39: Netherlands | F39: Dutch | G39: Graphic Design | H39: 10 | I39: 40 | J39: 2.2 | K39: N | L39: 0.67
A40: FL250039 | B40: Melinda White | C40: F | D40: 42 | E40: South Africa | F40: Afrikaans | G40: Mobile Apps | H40: 23 | I40: 50 | J40: 3.2 | K40: yes
A41: FL250040 | B41: James Hernandez | C41: Male | D41: 60 | E41: Japan | F41: Japanese | G41: Web Development | H41: 13 | I41: $20 | J41: 3.6 | K41: 0 | L41: 0.8
A42: FL250041 | B42: Angelica Rogers | C42: Female | D42: 59 | E42: United Kingdom | F42: English | G42: AI | H42: 3 | I42: USD 50 | J42: 0 | K42: no
A43: FL250042 | B43: Savannah Williams | C43: Female | D43: 21 | E43: Canada | F43: English | G43: Web Development | H43: 0 | I43: 30 | J43: 2.7 | K43: 1 | L43: 0.84
A44: FL250043 | B44: Kaitlyn Schmidt | C44: Female | D44: 35 | E44: Germany | F44: German | G44: DevOps | H44: 10 | I44: $50 | J44: 0 | K44: no
A45: FL250044 | B45: Jason Singh | C45: male | D45: 41 | E45: United Kingdom | F45: English | G45: Data Analysis | I45: 20 | J45: 2.8 | K45: True | L45: 0.63
A46: FL250045 | B46: Michelle Ramirez | C46: Female | D46: 51 | E46: Netherlands | F46: Dutch | G46: Machine Learning | H46: 23 | I46: 20 | J46: 2.5 | K46: False | L46: 0.8
A47: FL250046 | B47: James Brown | C47: male | D47: 41 | E47: South Africa | F47: Afrikaans | G47: Web Development | H47: 9 | I47: $75 | J47: 4.9 | K47: 1 | L47: 0.74
A48: FL250047 | B48: Mrs. Samantha Simmons | C48: Female | D48: 47 | E48: Egypt | F48: Arabic | G48: DevOps | H48: 15 | I48: USD 30 | J48: 4.5 | K48: 1 | L48: 0.85
A49: FL250048 | B49: Chase Mason | C49: male | D49: 25 | E49: China | F49: Mandarin | G49: Graphic Design | H49: 4 | I49: 50 | J49: 2.7 | K49: N | L49: 0.77
A50: FL250049 | B50: Dominique Ward | C50: F | D50: 25 | E50: Mexico | F50: Spanish | G50: Mobile Apps | H50: 7 | I50: 20 | J50: 1.9 | K50: 0
A51: FL250050 | B51: Lance Griffin | C51: m | D51: 29 | E51: Netherlands | F51: Dutch | G51: UI/UX Design | H51: 1 | I51: 20 | J51: 1.4 | K51: 1 | L51: 0.63
A52: FL250051 | B52: Julie Burgess | C52: FEMALE | D52: 23 | E52: Argentina | F52: Spanish | G52: Cybersecurity | H52: 0 | I52: 75 | J52: 1.9 | K52: True | L52: 0.79
A53: FL250052 | B53: Don Scott | C53: male | D53: 31 | E53: France | F53: French | G53: Data Analysis | H53: 8 | I53: 50 | J53: 3.4 | K53: 0
A54: FL250053 | B54: Kyle Atkinson | C54: Male | D54: 51 | E54: Germany | F54: German | G54: Machine Learning | H54: 33 | I54: 75 | J54: 3.3 | L54: 0.68
A55: FL250054 | B55: Jimmy Hogan | C55: m | E55: Spain | F55: Spanish | G55: UI/UX Design | H55: 1 | I55: 30 | J55: 0 | K55: 0 | L55: 0.68
A56: FL250055 | B56: Jennifer Mcintyre | C56: f | D56: 29 | E56: Turkey | F56: Turkish | G56: Cybersecurity | H56: 11 | I56: 100 | J56: 2.3 | K56: True | L56: 0.72
A57: FL250056 | B57: Larry Simpson | C57: m | D57: 50 | E57: United Kingdom | F57: English | G57: AI | H57: 15 | J57: 2 | K57: yes | L57: 0.65
A58: FL250057 | B58: Laura Price | C58: f | D58: 26 | E58: United Kingdom | F58: English | G58: DevOps | H58: 8 | I58: 50 | J58: 1.3 | K58: False | L58: 0.76
A59: FL250058 | B59: Mark Wright | C59: Male | D59: 38 | E59: Canada | F59: English | G59: AI | H59: 17 | I59: USD 40 | J59: 4 | K59: True | L59: 0.9
A60: FL250059 | B60: Samantha Mcdaniel | C60: FEMALE | D60: 23 | E60: India | F60: Hindi | G60: Mobile Apps | I60: 75 | J60: 3.6 | K60: 1 | L60: 0.65
A61: FL250060 | B61: Barbara Foster | C61: Female | D61: 51 | E61: South Africa | F61: Afrikaans | G61: DevOps | H61: 28 | I61: 40 | J61: 3.9 | K61: 0 | L61: 0.63
A62: FL250061 | B62: Courtney Tran | C62: F | D62: 51 | E62: Indonesia | F62: Indonesian | G62: AI | H62: 33 | I62: $75 | J62: 0 | K62: True
A63: FL250062 | B63: Eddie Todd | C63: Male | D63: 47 | E63: Germany | F63: German | G63: AI | H63: 18 | I63: 75 | J63: 0 | K63: 0
A64: FL250063 | B64: Christine Johnson | C64: Female | D64: 34 | E64: Russia | F64: Russian | G64: UI/UX Design | H64: 16 | I64: $20 | J64: 2.3 | K64: yes | L64: 0.93
A65: FL250064 | B65: Leah Phelps | C65: f | D65: 58 | E65: Indonesia | F65: Indonesian | G65: Data Analysis | H65: 35 | I65: USD 50 | J65: 4.7 | K65: no | L65: 0.7
A66: FL250065 | B66: Rebekah Williams | C66: F | D66: 50 | E66: Russia | F66: Russian | G66: AI | H66: 14 | J66: 3.5 | K66: Y | L66: 0.83
A67: FL250066 | B67: Crystal Wilson | C67: FEMALE | D67: 34 | E67: Spain | F67: Spanish | G67: Web Development | H67: 12 | I67: 40 | J67: 2.4 | K67: 1 | L67: 64
A68: FL250067 | B68: Ashley Cordova | C68: Female | D68: 45 | E68: Brazil | F68: Portuguese | G68: AI | H68: 11 | I68: USD 75 | J68: 4 | K68: N | L68: 1
A69: FL250068 | B69: Vicki Kelly | C69: FEMALE | D69: 55 | E69: Brazil | F69: Portuguese | G69: Web Development | H69: 0 | I69: $40 | J69: 0 | K69: True
A70: FL250069 | B70: Corey Warren | C70: m | E70: Argentina | F70: Spanish | G70: UI/UX Design | H70: 6 | I70: 100 | J70: 1.5 | K70: False
A71: FL250070 | B71: Gina Thompson | C71: FEMALE | D71: 60 | E71: China | F71: Mandarin | G71: UI/UX Design | H71: 38 | I71: $20 | J71: 2 | K71: no | L71: 0.71
A72: FL250071 | B72: Yvonne Berg | C72: f | D72: 33 | E72: South Africa | F72: Afrikaans | G72: Mobile Apps | H72: 11 | K72: yes | L72: 0.84
A73: FL250072 | B73: Thomas Miller | C73: M | D73: 60 | E73: Italy | F73: Italian | G73: DevOps | H73: 13 | I73: USD 50 | J73: 1 | K73: False
A74: FL250073 | B74: Nicholas Burton | C74: MALE | D74: 40 | E74: United States | F74: English | G74: Web Development | H74: 9 | I74: $100 | J74: 4.5 | K74: yes | L74: 0.69
A75: FL250074 | B75: Jorge Riley | C75: Male | D75: 59 | E75: Australia | F75: English | G75: Blockchain Development | H75: 4 | J75: 1.9 | K75: False | L75: 88
A76: FL250075 | B76: Melvin Harris | C76: M | D76: 36 | E76: Italy | F76: Italian | G76: Machine Learning | H76: 14 | I76: $100 | J76: 3.7 | K76: 0
A77: FL250076 | B77: Jeremy Meyer | C77: Male | D77: 32 | E77: India | F77: Hindi | G77: Data Analysis | I77: 30 | J77: 1.9 | K77: True | L77: 0.96
A78: FL250077 | B78: Timothy Lee | C78: male | D78: 59 | E78: Australia | F78: English | G78: AI | H78: 9 | I78: USD 75 | J78: 4 | K78: 1 | L78: 96
A79: FL250078 | B79: Diana Bautista | C79: F | D79: 54 | E79: Spain | F79: Spanish | G79: DevOps | H79: 32 | I79: USD 40 | J79: 1.8 | K79: N
A80: FL250079 | B80: Leslie Rodriguez | C80: f | D80: 37 | E80: Canada | F80: English | G80: Graphic Design | H80: 9 | J80: 0 | K80: 1 | L80: 0.89
A81: FL250080 | B81: Noah Wiggins | C81: MALE | D81: 54 | E81: India | F81: Hindi | G81: Machine Learning | H81: 21 | I81: $100 | J81: 4.6 | K81: False
A82: FL250081 | B82: Bridget Williams | C82: Female | D82: 33 | E82: Argentina | F82: Spanish | G82: UI/UX Design | H82: 12 | I82: 100 | J82: 3.6 | K82: 0 | L82: 0.63
A83: FL250082 | B83: Veronica Baker | C83: f | D83: 25 | E83: Egypt | F83: Arabic | G83: Web Development | H83: 7 | I83: USD 40 | J83: 4.4 | L83: 81
A84: FL250083 | B84: Andrew Avila | C84: Male | E84: China | F84: Mandarin | G84: DevOps | H84: 3 | I84: 40 | J84: 4.6 | K84: N | L84: 0.74
A85: FL250084 | B85: Michael Roberson | C85: male | D85: 35 | E85: South Korea | F85: Korean | G85: Web Development | H85: 5 | I85: $75 | J85: 3.2 | K85: False | L85: 0.72
A86: FL250085 | B86: Austin Jenkins | C86: Male | D86: 59 | E86: South Korea | F86: Korean | G86: AI | H86: 30 | I86: $40 | J86: 0 | K86: True
A87: FL250086 | B87: Brenda Green | C87: female | D87: 21 | E87: China | F87: Mandarin | G87: DevOps | H87: 2 | I87: 100 | J87: 2.6 | K87: Y | L87: 0.85
A88: FL250087 | B88: Samuel Pierce | C88: M | D88: 25 | E88: United States | F88: English | G88: Mobile Apps | H88: 2 | I88: $75 | J88: 3.7 | K88: N
A89: FL250088 | B89: Briana Smith | C89: f | D89: 38 | E89: Mexico | F89: Spanish | G89: Web Development | H89: 19 | I89: 75 | J89: 2.3 | K89: False | L89: 0.61
A90: FL250089 | B90: Ronald Barrett | C90: Male | D90: 57 | E90: Russia | F90: Russian | G90: AI | H90: 16 | I90: 100 | J90: 3.1 | K90: False
A91: FL250090 | B91: Matthew Smith | C91: m | D91: 32 | E91: India | F91: Hindi | G91: Mobile Apps | H91: 10 | I91: $20 | J91: 2.4 | K91: 0 | L91: 0.86
A92: FL250091 | B92: Logan Huang | C92: male | D92: 21 | E92: Italy | F92: Italian | G92: DevOps | H92: 2 | I92: USD 100 | J92: 1.6 | K92: yes | L92: 0.97
A93: FL250092 | B93: Miranda Hutchinson | C93: Female | D93: 57 | E93: Canada | F93: English | G93: Cybersecurity | H93: 18 | I93: 50 | J93: 2.4 | K93: 1 | L93: 0.63
A94: FL250093 | B94: Paul Richardson | C94: male | D94: 53 | E94: China | F94: Mandarin | G94: UI/UX Design | H94: 21 | I94: USD 100 | K94: Y | L94: 0.97
A95: FL250094 | B95: Jose Jones | C95: M | D95: 35 | E95: Russia | F95: Russian | G95: Blockchain Development | H95: 3 | I95: USD 30 | J95: 3.8 | K95: yes | L95: 0.81
A96: FL250095 | B96: Denise Smith | C96: f | D96: 54 | E96: China | F96: Mandarin | G96: Machine Learning | H96: 17 | I96: 20 | J96: 1.7 | K96: 0 | L96: 0.69
A97: FL250096 | B97: Shelby Mcmahon | C97: FEMALE | D97: 36 | E97: Italy | F97: Italian | G97: UI/UX Design | H97: 0 | I97: 20 | J97: 1.3 | K97: Y | L97: 0.64
A98: FL250097 | B98: Bethany Wright | C98: f | D98: 49 | E98: Spain | F98: Spanish | G98: Cybersecurity | H98: 25 | I98: 50 | J98: 5 | K98: N | L98: 0.77
A99: FL250098 | B99: David Ortiz | C99: Male | D99: 37 | E99: United States | F99: English | G99: Blockchain Development | H99: 17 | I99: 20 | J99: 3.3 | K99: 0 | L99: 96
A100: FL250099 | B100: Andrew Lynch | C100: MALE | E100: United States | F100: English | G100: UI/UX Design | H100: 5 | I100: $20 | J100: 1.1 | K100: no | L100: 0.74
...

Sheet Sheet1
A1: freelancer_ID | B1: name | C1: First Name | D1: Last Name | E1: Full Name | H1: gender | I1: Proper Gender | J1: age | K1: Age Imputaion | L1: Age level | M1: country | N1: language | O1: primary_skill | P1: years_of_experience | Q1: Experience Imputation | R1: hourly_rate (USD) | U1: Hourly Rate Imputation | V1: Hourly Rate Imputation | W1: rating | X1: Rating Imputation | Y1: is_active | AA1: Is Active Imputation | AB1: Proper Is active | AC1: client_satisfaction | AD1: Client Satisfaction Imputation
A2: FL250001 | B2: Ms. Nicole Kidd | C2: Nicole | D2: Kidd | E2: =CONCATENATE(C2," ",D2) -> Nicole Kidd | F2: =PROPER(E2) -> Nicole Kidd | H2: Female | I2: =PROPER(H2) -> Female | J2: 52 | K2: =IF(ISBLANK(J2),ROUND(AVERAGEIF($I$2:$I$1001,I2,$J$2:$J$1001),0),J2) -> 52 | L2: =IF(AND(K2>=20,K2<=30),"First level",IF(AND(K2>30,K2<=40),"Second level",IF(AND(K2>40,K2<=50),"Third level",IF(H9>50,"Fourth level")))) -> Fourth level | M2: Italy | N2: Italian | O2: Blockchain Development | P2: 11 | Q2: =IF(ISBLANK(P2),ROUND(AVERAGEIF($L$2:$L$1001,L2,$P$2:$P$1001),0),P2) -> 11 | R2: 100 | S2: 100 | T2: 100 | U2: =IF(ISBLANK(T2),AVERAGE(T1:T1001),T2) -> 100 | V2: 100 | X2: =IF(ISBLANK(W2),AVERAGE(W2:W1001),W2) -> 2.5125695 | Y2: No | Z2: =CLEAN(TRIM(Y2)) -> No | AA2: =IF(ISBLANK(Z2),"Unknown",Z2) -> No | AB2: =PROPER(AA2) -> No | AD2: =IF(ISBLANK(AC2),AVERAGE(AC2:AC1001),AC2) -> 79.269417
A3: FL250002 | B3: Vanessa Garcia | C3: Vanessa | D3: Garcia | E3: =CONCATENATE(C3," ",D3) -> Vanessa Garcia | F3: =PROPER(E3) -> Vanessa Garcia | H3: FEMALE | I3: =PROPER(H3) -> Female | J3: 52 | K3: =IF(ISBLANK(J3),ROUND(AVERAGEIF($I$2:$I$1001,I3,$J$2:$J$1001),0),J3) -> 52 | L3: =IF(AND(K3>=20,K3<=30),"First level",IF(AND(K3>30,K3<=40),"Second level",IF(AND(K3>40,K3<=50),"Third level",IF(H10>50,"Fourth level")))) -> Fourth level | M3: Australia | N3: English | O3: Mobile Apps | P3: 34 | Q3: =IF(ISBLANK(P3),ROUND(AVERAGEIF($L$2:$L$1001,L3,$P$2:$P$1001),0),P3) -> 34 | R3: USD 100 | S3: 100 | T3: 100 | U3: =IF(ISBLANK(T3),AVERAGE(T2:T1002),T3) -> 100 | V3: 100 | W3: 3.3 | X3: =IF(ISBLANK(W3),AVERAGE(W3:W1002),W3) -> 3.3 | Y3: Yes | Z3: =CLEAN(TRIM(Y3)) -> Yes | AA3: =IF(ISBLANK(Z3),"Unknown",Z3) -> Yes | AB3: =PROPER(AA3) -> Yes | AC3: 84 | AD3: =IF(ISBLANK(AC3),AVERAGE(AC3:AC1002),AC3) -> 84 | AF3: Before filled (Blank Columns):
A4: FL250003 | B4: Juan Nelson | C4: Juan | D4: Nelson | E4: =CONCATENATE(C4," ",D4) -> Juan Nelson | F4: =PROPER(E4) -> Juan Nelson | H4: male | I4: =PROPER(H4) -> Male | J4: 53 | K4: =IF(ISBLANK(J4),ROUND(AVERAGEIF($I$2:$I$1001,I4,$J$2:$J$1001),0),J4) -> 53 | L4: =IF(AND(K4>=20,K4<=30),"First level",IF(AND(K4>30,K4<=40),"Second level",IF(AND(K4>40,K4<=50),"Third level",IF(H11>50,"Fourth level")))) -> Fourth level | M4: Germany | N4: German | O4: Graphic Design | P4: 31 | Q4: =IF(ISBLANK(P4),ROUND(AVERAGEIF($L$2:$L$1001,L4,$P$2:$P$1001),0),P4) -> 31 | R4: 50 | S4: 50 | T4: 50 | U4: =IF(ISBLANK(T4),AVERAGE(T3:T1003),T4) -> 50 | V4: 50 | W4: 0 | X4: =IF(ISBLANK(W4),AVERAGE(W4:W1003),W4) -> 0 | Y4: No | Z4: =CLEAN(TRIM(Y4)) -> No | AA4: =IF(ISBLANK(Z4),"Unknown",Z4) -> No | AB4: =PROPER(AA4) -> No | AC4: 71 | AD4: =IF(ISBLANK(AC4),AVERAGE(AC4:AC1003),AC4) -> 71 | AF4: freelancer_ID | AG4: 0
A5: FL250004 | B5: Amanda Spencer | C5: Amanda | D5: Spencer | E5: =CONCATENATE(C5," ",D5) -> Amanda Spencer | F5: =PROPER(E5) -> Amanda Spencer | H5: Female | I5: =PROPER(H5) -> Female | J5: 38 | K5: =IF(ISBLANK(J5),ROUND(AVERAGEIF($I$2:$I$1001,I5,$J$2:$J$1001),0),J5) -> 38 | L5: =IF(AND(K5>=20,K5<=30),"First level",IF(AND(K5>30,K5<=40),"Second level",IF(AND(K5>40,K5<=50),"Third level",IF(H12>50,"Fourth level")))) -> Second level | M5: Australia | N5: English | O5: Web Development | P5: 4 | Q5: =IF(ISBLANK(P5),ROUND(AVERAGEIF($L$2:$L$1001,L5,$P$2:$P$1001),0),P5) -> 4 | R5: $40 | S5: $40 | T5: 40 | U5: =IF(ISBLANK(T5),AVERAGE(T4:T1004),T5) -> 40 | V5: 40 | W5: 1.5 | X5: =IF(ISBLANK(W5),AVERAGE(W5:W1004),W5) -> 1.5 | Y5: No | Z5: =CLEAN(TRIM(Y5)) -> No | AA5: =IF(ISBLANK(Z5),"Unknown",Z5) -> No | AB5: =PROPER(AA5) -> No | AC5: 90 | AD5: =IF(ISBLANK(AC5),AVERAGE(AC5:AC1004),AC5) -> 90 | AF5: name | AG5: 0
A6: FL250005 | B6: Lynn Curtis DDS | C6: Lynn | D6: Curtis | E6: =CONCATENATE(C6," ",D6) -> Lynn Curtis | F6: =PROPER(E6) -> Lynn Curtis | H6: female | I6: =PROPER(H6) -> Female | J6: 53 | K6: =IF(ISBLANK(J6),ROUND(AVERAGEIF($I$2:$I$1001,I6,$J$2:$J$1001),0),J6) -> 53 | L6: =IF(AND(K6>=20,K6<=30),"First level",IF(AND(K6>30,K6<=40),"Second level",IF(AND(K6>40,K6<=50),"Third level",IF(H13>50,"Fourth level")))) -> Fourth level | M6: Germany | N6: German | O6: Web Development | P6: 27 | Q6: =IF(ISBLANK(P6),ROUND(AVERAGEIF($L$2:$L$1001,L6,$P$2:$P$1001),0),P6) -> 27 | R6: 30 | S6: 30 | T6: 30 | U6: =IF(ISBLANK(T6),AVERAGE(T5:T1005),T6) -> 30 | V6: 30 | W6: 4.8 | X6: =IF(ISBLANK(W6),AVERAGE(W6:W1005),W6) -> 4.8 | Y6: No | Z6: =CLEAN(TRIM(Y6)) -> No | AA6: =IF(ISBLANK(Z6),"Unknown",Z6) -> No | AB6: =PROPER(AA6) -> No | AC6: 83 | AD6: =IF(ISBLANK(AC6),AVERAGE(AC6:AC1005),AC6) -> 83 | AF6: gender | AG6: 0
A7: FL250006 | B7: Lisa Johnson | C7: Lisa | D7: Johnson | E7: =CONCATENATE(C7," ",D7) -> Lisa Johnson | F7: =PROPER(E7) -> Lisa Johnson | H7: female | I7: =PROPER(H7) -> Female | J7: 59 | K7: =IF(ISBLANK(J7),ROUND(AVERAGEIF($I$2:$I$1001,I7,$J$2:$J$1001),0),J7) -> 59 | L7: =IF(AND(K7>=20,K7<=30),"First level",IF(AND(K7>30,K7<=40),"Second level",IF(AND(K7>40,K7<=50),"Third level",IF(H14>50,"Fourth level")))) -> Fourth level | M7: Netherlands | N7: Dutch | O7: AI | P7: 14 | Q7: =IF(ISBLANK(P7),ROUND(AVERAGEIF($L$2:$L$1001,L7,$P$2:$P$1001),0),P7) -> 14 | R7: $30 | S7: $30 | T7: 30 | U7: =IF(ISBLANK(T7),AVERAGE(T6:T1006),T7) -> 30 | V7: 30 | W7: 2.4 | X7: =IF(ISBLANK(W7),AVERAGE(W7:W1006),W7) -> 2.4 | Y7: No | Z7: =CLEAN(TRIM(Y7)) -> No | AA7: =IF(ISBLANK(Z7),"Unknown",Z7) -> No | AB7: =PROPER(AA7) -> No | AD7: =IF(ISBLANK(AC7),AVERAGE(AC7:AC1006),AC7) -> 79.256098 | AF7: age | AG7: 30
A8: FL250007 | B8: Eric Myers | C8: Eric | D8: Myers | E8: =CONCATENATE(C8," ",D8) -> Eric Myers | F8: =PROPER(E8) -> Eric Myers | H8: Male | I8: =PROPER(H8) -> Male | J8: 52 | K8: =IF(ISBLANK(J8),ROUND(AVERAGEIF($I$2:$I$1001,I8,$J$2:$J$1001),0),J8) -> 52 | L8: =IF(AND(K8>=20,K8<=30),"First level",IF(AND(K8>30,K8<=40),"Second level",IF(AND(K8>40,K8<=50),"Third level",IF(H15>50,"Fourth level")))) -> Fourth level | M8: Indonesia | N8: Indonesian | O8: Data Analysis | P8: 10 | Q8: =IF(ISBLANK(P8),ROUND(AVERAGEIF($L$2:$L$1001,L8,$P$2:$P$1001),0),P8) -> 10 | R8: USD 75 | S8: 75 | T8: 75 | U8: =IF(ISBLANK(T8),AVERAGE(T7:T1007),T8) -> 75 | V8: 75 | W8: 3.1 | X8: =IF(ISBLANK(W8),AVERAGE(W8:W1007),W8) -> 3.1 | Y8: No | Z8: =CLEAN(TRIM(Y8)) -> No | AA8: =IF(ISBLANK(Z8),"Unknown",Z8) -> No | AB8: =PROPER(AA8) -> No | AC8: 94 | AD8: =IF(ISBLANK(AC8),AVERAGE(AC8:AC1007),AC8) -> 94 | AF8: country | AG8: 0
A9: FL250008 | B9: Ricky Graham | C9: Ricky | D9: Graham | E9: =CONCATENATE(C9," ",D9) -> Ricky Graham | F9: =PROPER(E9) -> Ricky Graham | H9: male | I9: =PROPER(H9) -> Male | J9: 43 | K9: =IF(ISBLANK(J9),ROUND(AVERAGEIF($I$2:$I$1001,I9,$J$2:$J$1001),0),J9) -> 43 | L9: =IF(AND(K9>=20,K9<=30),"First level",IF(AND(K9>30,K9<=40),"Second level",IF(AND(K9>40,K9<=50),"Third level",IF(H16>50,"Fourth level")))) -> Third level | M9: Italy | N9: Italian | O9: Blockchain Development | P9: 14 | Q9: =IF(ISBLANK(P9),ROUND(AVERAGEIF($L$2:$L$1001,L9,$P$2:$P$1001),0),P9) -> 14 | R9: USD 40 | S9: 40 | T9: 40 | U9: =IF(ISBLANK(T9),AVERAGE(T8:T1008),T9) -> 40 | V9: 40 | W9: 4.6 | X9: =IF(ISBLANK(W9),AVERAGE(W9:W1008),W9) -> 4.6 | Y9: No | Z9: =CLEAN(TRIM(Y9)) -> No | AA9: =IF(ISBLANK(Z9),"Unknown",Z9) -> No | AB9: =PROPER(AA9) -> No | AC9: 94 | AD9: =IF(ISBLANK(AC9),AVERAGE(AC9:AC1008),AC9) -> 94 | AF9: language | AG9: 0
A10: FL250009 | B10: Sean Martin | C10: Sean | D10: Martin | E10: =CONCATENATE(C10," ",D10) -> Sean Martin | F10: =PROPER(E10) -> Sean Martin | H10: male | I10: =PROPER(H10) -> Male | J10: 26 | K10: =IF(ISBLANK(J10),ROUND(AVERAGEIF($I$2:$I$1001,I10,$J$2:$J$1001),0),J10) -> 26 | L10: =IF(AND(K10>=20,K10<=30),"First level",IF(AND(K10>30,K10<=40),"Second level",IF(AND(K10>40,K10<=50),"Third level",IF(H17>50,"Fourth level")))) -> First level | M10: United States | N10: English | O10: Blockchain Development | P10: 4 | Q10: =IF(ISBLANK(P10),ROUND(AVERAGEIF($L$2:$L$1001,L10,$P$2:$P$1001),0),P10) -> 4 | U10: =IF(ISBLANK(T10),AVERAGE(T9:T1009),T10) -> 52.397108 | V10: 52.397108 | W10: 4 | X10: =IF(ISBLANK(W10),AVERAGE(W10:W1009),W10) -> 4 | Y10: Yes | Z10: =CLEAN(TRIM(Y10)) -> Yes | AA10: =IF(ISBLANK(Z10),"Unknown",Z10) -> Yes | AB10: =PROPER(AA10) -> Yes | AC10: 76 | AD10: =IF(ISBLANK(AC10),AVERAGE(AC10:AC1009),AC10) -> 76 | AF10: primary_skill | AG10: 0
A11: FL250010 | B11: Matthew Lloyd | C11: Matthew | D11: Lloyd | E11: =CONCATENATE(C11," ",D11) -> Matthew Lloyd | F11: =PROPER(E11) -> Matthew Lloyd | H11: MALE | I11: =PROPER(H11) -> Male | J11: 52 | K11: =IF(ISBLANK(J11),ROUND(AVERAGEIF($I$2:$I$1001,I11,$J$2:$J$1001),0),J11) -> 52 | L11: =IF(AND(K11>=20,K11<=30),"First level",IF(AND(K11>30,K11<=40),"Second level",IF(AND(K11>40,K11<=50),"Third level",IF(H18>50,"Fourth level")))) -> Fourth level | M11: Turkey | N11: Turkish | O11: AI | P11: 22 | Q11: =IF(ISBLANK(P11),ROUND(AVERAGEIF($L$2:$L$1001,L11,$P$2:$P$1001),0),P11) -> 22 | R11: $50 | S11: $50 | T11: 50 | U11: =IF(ISBLANK(T11),AVERAGE(T2:T1010),T11) -> 50 | V11: 50 | X11: =IF(ISBLANK(W11),AVERAGE(W11:W1010),W11) -> 2.5085297 | Y11: Yes | Z11: =CLEAN(TRIM(Y11)) -> Yes | AA11: =IF(ISBLANK(Z11),"Unknown",Z11) -> Yes | AB11: =PROPER(AA11) -> Yes | AD11: =IF(ISBLANK(AC11),AVERAGE(AC11:AC1010),AC11) -> 79.22399 | AF11: years_of_experience | AG11: 51
A12: FL250011 | B12: Gavin Randall | C12: Gavin | D12: Randall | E12: =CONCATENATE(C12," ",D12) -> Gavin Randall | F12: =PROPER(E12) -> Gavin Randall | H12: Male | I12: =PROPER(H12) -> Male | J12: 40 | K12: =IF(ISBLANK(J12),ROUND(AVERAGEIF($I$2:$I$1001,I12,$J$2:$J$1001),0),J12) -> 40 | L12: =IF(AND(K12>=20,K12<=30),"First level",IF(AND(K12>30,K12<=40),"Second level",IF(AND(K12>40,K12<=50),"Third level",IF(H19>50,"Fourth level")))) -> Second level | M12: United Kingdom | N12: English | O12: Data Analysis | P12: 17 | Q12: =IF(ISBLANK(P12),ROUND(AVERAGEIF($L$2:$L$1001,L12,$P$2:$P$1001),0),P12) -> 17 | R12: 40 | S12: 40 | T12: 40 | U12: =IF(ISBLANK(T12),AVERAGE(T11:T1011),T12) -> 40 | V12: 40 | W12: 3.6 | X12: =IF(ISBLANK(W12),AVERAGE(W12:W1011),W12) -> 3.6 | Y12: yes | Z12: =CLEAN(TRIM(Y12)) -> yes | AA12: =IF(ISBLANK(Z12),"Unknown",Z12) -> yes | AB12: =PROPER(AA12) -> Yes | AC12: 77 | AD12: =IF(ISBLANK(AC12),AVERAGE(AC12:AC1011),AC12) -> 77 | AF12: hourly_rate (USD) | AG12: 94
A13: FL250012 | B13: Michelle Curtis | C13: Michelle | D13: Curtis | E13: =CONCATENATE(C13," ",D13) -> Michelle Curtis | F13: =PROPER(E13) -> Michelle Curtis | H13: FEMALE | I13: =PROPER(H13) -> Female | J13: 55 | K13: =IF(ISBLANK(J13),ROUND(AVERAGEIF($I$2:$I$1001,I13,$J$2:$J$1001),0),J13) -> 55 | L13: =IF(AND(K13>=20,K13<=30),"First level",IF(AND(K13>30,K13<=40),"Second level",IF(AND(K13>40,K13<=50),"Third level",IF(H20>50,"Fourth level")))) -> Fourth level | M13: Argentina | N13: Spanish | O13: UI/UX Design | P13: 15 | Q13: =IF(ISBLANK(P13),ROUND(AVERAGEIF($L$2:$L$1001,L13,$P$2:$P$1001),0),P13) -> 15 | U13: =IF(ISBLANK(T13),AVERAGE(T12:T1012),T13) -> 52.413601 | V13: 52.413601 | X13: =IF(ISBLANK(W13),AVERAGE(W13:W1012),W13) -> 2.5073034 | Y13: Yes | Z13: =CLEAN(TRIM(Y13)) -> Yes | AA13: =IF(ISBLANK(Z13),"Unknown",Z13) -> Yes | AB13: =PROPER(AA13) -> Yes | AC13: 86 | AD13: =IF(ISBLANK(AC13),AVERAGE(AC13:AC1012),AC13) -> 86 | AF13: rating | AG13: 101
A14: FL250013 | B14: Alice Schneider | C14: Alice | D14: Schneider | E14: =CONCATENATE(C14," ",D14) -> Alice Schneider | F14: =PROPER(E14) -> Alice Schneider | H14: Female | I14: =PROPER(H14) -> Female | J14: 57 | K14: =IF(ISBLANK(J14),ROUND(AVERAGEIF($I$2:$I$1001,I14,$J$2:$J$1001),0),J14) -> 57 | L14: =IF(AND(K14>=20,K14<=30),"First level",IF(AND(K14>30,K14<=40),"Second level",IF(AND(K14>40,K14<=50),"Third level",IF(H21>50,"Fourth level")))) -> Fourth level | M14: United Kingdom | N14: English | O14: Cybersecurity | P14: 18 | Q14: =IF(ISBLANK(P14),ROUND(AVERAGEIF($L$2:$L$1001,L14,$P$2:$P$1001),0),P14) -> 18 | U14: =IF(ISBLANK(T14),AVERAGE(T13:T1013),T14) -> 52.427455 | V14: 52.427455 | W14: 2 | X14: =IF(ISBLANK(W14),AVERAGE(W14:W1013),W14) -> 2 | Y14: No | Z14: =CLEAN(TRIM(Y14)) -> No | AA14: =IF(ISBLANK(Z14),"Unknown",Z14) -> No | AB14: =PROPER(AA14) -> No | AC14: 86 | AD14: =IF(ISBLANK(AC14),AVERAGE(AC14:AC1013),AC14) -> 86 | AF14: is_active | AG14: 89
A15: FL250014 | B15: Phillip Shelton | C15: Phillip | D15: Shelton | E15: =CONCATENATE(C15," ",D15) -> Phillip Shelton | F15: =PROPER(E15) -> Phillip Shelton | H15: MALE | I15: =PROPER(H15) -> Male | J15: 38 | K15: =IF(ISBLANK(J15),ROUND(AVERAGEIF($I$2:$I$1001,I15,$J$2:$J$1001),0),J15) -> 38 | L15: =IF(AND(K15>=20,K15<=30),"First level",IF(AND(K15>30,K15<=40),"Second level",IF(AND(K15>40,K15<=50),"Third level",IF(H22>50,"Fourth level")))) -> Second level | M15: Argentina | N15: Spanish | O15: Graphic Design | P15: 20 | Q15: =IF(ISBLANK(P15),ROUND(AVERAGEIF($L$2:$L$1001,L15,$P$2:$P$1001),0),P15) -> 20 | R15: USD 75 | S15: 75 | T15: 75 | U15: =IF(ISBLANK(T15),AVERAGE(T14:T1014),T15) -> 75 | V15: 75 | W15: 2.9 | X15: =IF(ISBLANK(W15),AVERAGE(W15:W1014),W15) -> 2.9 | Y15: Yes | Z15: =CLEAN(TRIM(Y15)) -> Yes | AA15: =IF(ISBLANK(Z15),"Unknown",Z15) -> Yes | AB15: =PROPER(AA15) -> Yes | AC15: 93 | AD15: =IF(ISBLANK(AC15),AVERAGE(AC15:AC1014),AC15) -> 93 | AF15: client_satisfaction | AG15: 176
A16: FL250015 | B16: Edward Ferguson | C16: Edward | D16: Ferguson | E16: =CONCATENATE(C16," ",D16) -> Edward Ferguson | F16: =PROPER(E16) -> Edward Ferguson | H16: MALE | I16: =PROPER(H16) -> Male | J16: 50 | K16: =IF(ISBLANK(J16),ROUND(AVERAGEIF($I$2:$I$1001,I16,$J$2:$J$1001),0),J16) -> 50 | L16: =IF(AND(K16>=20,K16<=30),"First level",IF(AND(K16>30,K16<=40),"Second level",IF(AND(K16>40,K16<=50),"Third level",IF(H23>50,"Fourth level")))) -> Third level | M16: Germany | N16: German | O16: Data Analysis | P16: 22 | Q16: =IF(ISBLANK(P16),ROUND(AVERAGEIF($L$2:$L$1001,L16,$P$2:$P$1001),0),P16) -> 22 | R16: 75 | S16: 75 | T16: 75 | U16: =IF(ISBLANK(T16),AVERAGE(T15:T1015),T16) -> 75 | V16: 75 | W16: 3.7 | X16: =IF(ISBLANK(W16),AVERAGE(W16:W1015),W16) -> 3.7 | Y16: Yes | Z16: =CLEAN(TRIM(Y16)) -> Yes | AA16: =IF(ISBLANK(Z16),"Unknown",Z16) -> Yes | AB16: =PROPER(AA16) -> Yes | AC16: 70 | AD16: =IF(ISBLANK(AC16),AVERAGE(AC16:AC1015),AC16) -> 70
A17: FL250016 | B17: Wyatt Stout | C17: Wyatt | D17: Stout | E17: =CONCATENATE(C17," ",D17) -> Wyatt Stout | F17: =PROPER(E17) -> Wyatt Stout | H17: Male | I17: =PROPER(H17) -> Male | J17: 42 | K17: =IF(ISBLANK(J17),ROUND(AVERAGEIF($I$2:$I$1001,I17,$J$2:$J$1001),0),J17) -> 42 | L17: =IF(AND(K17>=20,K17<=30),"First level",IF(AND(K17>30,K17<=40),"Second level",IF(AND(K17>40,K17<=50),"Third level",IF(H24>50,"Fourth level")))) -> Third level | M17: Japan | N17: Japanese | O17: Data Analysis | P17: 0 | Q17: =IF(ISBLANK(P17),ROUND(AVERAGEIF($L$2:$L$1001,L17,$P$2:$P$1001),0),P17) -> 0 | R17: $30 | S17: $30 | T17: 30 | U17: =IF(ISBLANK(T17),AVERAGE(T16:T1016),T17) -> 30 | V17: 30 | W17: 1.2 | X17: =IF(ISBLANK(W17),AVERAGE(W17:W1016),W17) -> 1.2 | Y17: No | Z17: =CLEAN(TRIM(Y17)) -> No | AA17: =IF(ISBLANK(Z17),"Unknown",Z17) -> No | AB17: =PROPER(AA17) -> No | AC17: 69 | AD17: =IF(ISBLANK(AC17),AVERAGE(AC17:AC1016),AC17) -> 69
A18: FL250017 | B18: Laura Johnson | C18: Laura | D18: Johnson | E18: =CONCATENATE(C18," ",D18) -> Laura Johnson | F18: =PROPER(E18) -> Laura Johnson | H18: Female | I18: =PROPER(H18) -> Female | J18: 39 | K18: =IF(ISBLANK(J18),ROUND(AVERAGEIF($I$2:$I$1001,I18,$J$2:$J$1001),0),J18) -> 39 | L18: =IF(AND(K18>=20,K18<=30),"First level",IF(AND(K18>30,K18<=40),"Second level",IF(AND(K18>40,K18<=50),"Third level",IF(H25>50,"Fourth level")))) -> Second level | M18: Australia | N18: English | O18: DevOps | P18: 13 | Q18: =IF(ISBLANK(P18),ROUND(AVERAGEIF($L$2:$L$1001,L18,$P$2:$P$1001),0),P18) -> 13 | R18: $30 | S18: $30 | T18: 30 | U18: =IF(ISBLANK(T18),AVERAGE(T17:T1017),T18) -> 30 | V18: 30 | W18: 2.5 | X18: =IF(ISBLANK(W18),AVERAGE(W18:W1017),W18) -> 2.5 | Y18: No | Z18: =CLEAN(TRIM(Y18)) -> No | AA18: =IF(ISBLANK(Z18),"Unknown",Z18) -> No | AB18: =PROPER(AA18) -> No | AC18: 60 | AD18: =IF(ISBLANK(AC18),AVERAGE(AC18:AC1017),AC18) -> 60
A19: FL250018 | B19: Scott Burns | C19: Scott | D19: Burns | E19: =CONCATENATE(C19," ",D19) -> Scott Burns | F19: =PROPER(E19) -> Scott Burns | H19: Male | I19: =PROPER(H19) -> Male | J19: 56 | K19: =IF(ISBLANK(J19),ROUND(AVERAGEIF($I$2:$I$1001,I19,$J$2:$J$1001),0),J19) -> 56 | L19: =IF(AND(K19>=20,K19<=30),"First level",IF(AND(K19>30,K19<=40),"Second level",IF(AND(K19>40,K19<=50),"Third level",IF(H26>50,"Fourth level")))) -> Fourth level | M19: India | N19: Hindi | O19: Blockchain Development | Q19: =IF(ISBLANK(P19),ROUND(AVERAGEIF($L$2:$L$1001,L19,$P$2:$P$1001),0),P19) -> 19 | U19: =IF(ISBLANK(T19),AVERAGE(T18:T1018),T19) -> 52.402016 | V19: 52.402016 | X19: =IF(ISBLANK(W19),AVERAGE(W19:W1018),W19) -> 2.5075706 | AA19: =IF(ISBLANK(Z19),"Unknown",Z19) -> Unknown | AB19: =PROPER(AA19) -> Unknown | AC19: 87 | AD19: =IF(ISBLANK(AC19),AVERAGE(AC19:AC1018),AC19) -> 87
A20: FL250019 | B20: Tyler Aguirre | C20: Tyler | D20: Aguirre | E20: =CONCATENATE(C20," ",D20) -> Tyler Aguirre | F20: =PROPER(E20) -> Tyler Aguirre | H20: Male | I20: =PROPER(H20) -> Male | J20: 56 | K20: =IF(ISBLANK(J20),ROUND(AVERAGEIF($I$2:$I$1001,I20,$J$2:$J$1001),0),J20) -> 56 | L20: =IF(AND(K20>=20,K20<=30),"First level",IF(AND(K20>30,K20<=40),"Second level",IF(AND(K20>40,K20<=50),"Third level",IF(H27>50,"Fourth level")))) -> Fourth level | M20: United States | N20: English | O20: UI/UX Design | P20: 31 | Q20: =IF(ISBLANK(P20),ROUND(AVERAGEIF($L$2:$L$1001,L20,$P$2:$P$1001),0),P20) -> 31 | R20: USD 50 | S20: 50 | T20: 50 | U20: =IF(ISBLANK(T20),AVERAGE(T19:T1019),T20) -> 50 | V20: 50 | W20: 1.1 | X20: =IF(ISBLANK(W20),AVERAGE(W20:W1019),W20) -> 1.1 | Y20: No | Z20: =CLEAN(TRIM(Y20)) -> No | AA20: =IF(ISBLANK(Z20),"Unknown",Z20) -> No | AB20: =PROPER(AA20) -> No | AC20: 75 | AD20: =IF(ISBLANK(AC20),AVERAGE(AC20:AC1019),AC20) -> 75 | AF20: After filled (Blank Columns):
A21: FL250020 | B21: Matthew Lawson | C21: Matthew | D21: Lawson | E21: =CONCATENATE(C21," ",D21) -> Matthew Lawson | F21: =PROPER(E21) -> Matthew Lawson | H21: Male | I21: =PROPER(H21) -> Male | J21: 57 | K21: =IF(ISBLANK(J21),ROUND(AVERAGEIF($I$2:$I$1001,I21,$J$2:$J$1001),0),J21) -> 57 | L21: =IF(AND(K21>=20,K21<=30),"First level",IF(AND(K21>30,K21<=40),"Second level",IF(AND(K21>40,K21<=50),"Third level",IF(H28>50,"Fourth level")))) -> Fourth level | M21: Italy | N21: Italian | O21: Web Development | P21: 3 | Q21: =IF(ISBLANK(P21),ROUND(AVERAGEIF($L$2:$L$1001,L21,$P$2:$P$1001),0),P21) -> 3 | R21: USD 100 | S21: 100 | T21: 100 | U21: =IF(ISBLANK(T21),AVERAGE(T20:T1020),T21) -> 100 | V21: 100 | W21: 1.8 | X21: =IF(ISBLANK(W21),AVERAGE(W21:W1020),W21) -> 1.8 | Y21: yes | Z21: =CLEAN(TRIM(Y21)) -> yes | AA21: =IF(ISBLANK(Z21),"Unknown",Z21) -> yes | AB21: =PROPER(AA21) -> Yes | AC21: 68 | AD21: =IF(ISBLANK(AC21),AVERAGE(AC21:AC1020),AC21) -> 68 | AF21: freelancer_ID | AG21: =COUNTBLANK($A$2:$A$1001) -> 0
A22: FL250021 | B22: James Cherry | C22: James | D22: Cherry | E22: =CONCATENATE(C22," ",D22) -> James Cherry | F22: =PROPER(E22) -> James Cherry | H22: Male | I22: =PROPER(H22) -> Male | K22: =IF(ISBLANK(J22),ROUND(AVERAGEIF($I$2:$I$1001,I22,$J$2:$J$1001),0),J22) -> 41 | L22: =IF(AND(K22>=20,K22<=30),"First level",IF(AND(K22>30,K22<=40),"Second level",IF(AND(K22>40,K22<=50),"Third level",IF(H29>50,"Fourth level")))) -> Third level | M22: Indonesia | N22: Indonesian | O22: AI | P22: 9 | Q22: =IF(ISBLANK(P22),ROUND(AVERAGEIF($L$2:$L$1001,L22,$P$2:$P$1001),0),P22) -> 9 | R22: 50 | S22: 50 | T22: 50 | U22: =IF(ISBLANK(T22),AVERAGE(T21:T1021),T22) -> 50 | V22: 50 | W22: 1.8 | X22: =IF(ISBLANK(W22),AVERAGE(W22:W1021),W22) -> 1.8 | Y22: No | Z22: =CLEAN(TRIM(Y22)) -> No | AA22: =IF(ISBLANK(Z22),"Unknown",Z22) -> No | AB22: =PROPER(AA22) -> No | AC22: 65 | AD22: =IF(ISBLANK(AC22),AVERAGE(AC22:AC1021),AC22) -> 65 | AF22: name | AG22: =COUNTBLANK($B$2:$B$1001) -> 0
A23: FL250022 | B23: Samuel Sanford | C23: Samuel | D23: Sanford | E23: =CONCATENATE(C23," ",D23) -> Samuel Sanford | F23: =PROPER(E23) -> Samuel Sanford | H23: Male | I23: =PROPER(H23) -> Male | J23: 51 | K23: =IF(ISBLANK(J23),ROUND(AVERAGEIF($I$2:$I$1001,I23,$J$2:$J$1001),0),J23) -> 51 | L23: =IF(AND(K23>=20,K23<=30),"First level",IF(AND(K23>30,K23<=40),"Second level",IF(AND(K23>40,K23<=50),"Third level",IF(H30>50,"Fourth level")))) -> Fourth level | M23: Japan | N23: Japanese | O23: DevOps | Q23: =IF(ISBLANK(P23),ROUND(AVERAGEIF($L$2:$L$1001,L23,$P$2:$P$1001),0),P23) -> 19 | U23: =IF(ISBLANK(T23),AVERAGE(T22:T1022),T23) -> 52.376404 | V23: 52.376404 | W23: 2.4 | X23: =IF(ISBLANK(W23),AVERAGE(W23:W1022),W23) -> 2.4 | Y23: No | Z23: =CLEAN(TRIM(Y23)) -> No | AA23: =IF(ISBLANK(Z23),"Unknown",Z23) -> No | AB23: =PROPER(AA23) -> No | AC23: 69 | AD23: =IF(ISBLANK(AC23),AVERAGE(AC23:AC1022),AC23) -> 69 | AF23: gender | AG23: =COUNTBLANK($H$2:$H$1001) -> 0
A24: FL250023 | B24: Cesar Greene | C24: Cesar | D24: Greene | E24: =CONCATENATE(C24," ",D24) -> Cesar Greene | F24: =PROPER(E24) -> Cesar Greene | H24: Male | I24: =PROPER(H24) -> Male | J24: 51 | K24: =IF(ISBLANK(J24),ROUND(AVERAGEIF($I$2:$I$1001,I24,$J$2:$J$1001),0),J24) -> 51 | L24: =IF(AND(K24>=20,K24<=30),"First level",IF(AND(K24>30,K24<=40),"Second level",IF(AND(K24>40,K24<=50),"Third level",IF(H31>50,"Fourth level")))) -> Fourth level | M24: Brazil | N24: Portuguese | O24: Cybersecurity | P24: 21 | Q24: =IF(ISBLANK(P24),ROUND(AVERAGEIF($L$2:$L$1001,L24,$P$2:$P$1001),0),P24) -> 21 | R24: USD 30 | S24: 30 | T24: 30 | U24: =IF(ISBLANK(T24),AVERAGE(T23:T1023),T24) -> 30 | V24: 30 | W24: 4.7 | X24: =IF(ISBLANK(W24),AVERAGE(W24:W1023),W24) -> 4.7 | Y24: No | Z24: =CLEAN(TRIM(Y24)) -> No | AA24: =IF(ISBLANK(Z24),"Unknown",Z24) -> No | AB24: =PROPER(AA24) -> No | AD24: =IF(ISBLANK(AC24),AVERAGE(AC24:AC1023),AC24) -> 79.280745 | AF24: age | AG24: =COUNTBLANK($K$2:$K$1001) -> 0
A25: FL250024 | B25: Melanie Carter | C25: Melanie | D25: Carter | E25: =CONCATENATE(C25," ",D25) -> Melanie Carter | F25: =PROPER(E25) -> Melanie Carter | H25: female | I25: =PROPER(H25) -> Female | J25: 51 | K25: =IF(ISBLANK(J25),ROUND(AVERAGEIF($I$2:$I$1001,I25,$J$2:$J$1001),0),J25) -> 51 | L25: =IF(AND(K25>=20,K25<=30),"First level",IF(AND(K25>30,K25<=40),"Second level",IF(AND(K25>40,K25<=50),"Third level",IF(H32>50,"Fourth level")))) -> Fourth level | M25: South Korea | N25: Korean | O25: Machine Learning | P25: 15 | Q25: =IF(ISBLANK(P25),ROUND(AVERAGEIF($L$2:$L$1001,L25,$P$2:$P$1001),0),P25) -> 15 | R25: $50 | S25: $50 | T25: 50 | U25: =IF(ISBLANK(T25),AVERAGE(T24:T1024),T25) -> 50 | V25: 50 | W25: 1.3 | X25: =IF(ISBLANK(W25),AVERAGE(W25:W1024),W25) -> 1.3 | Y25: Yes | Z25: =CLEAN(TRIM(Y25)) -> Yes | AA25: =IF(ISBLANK(Z25),"Unknown",Z25) -> Yes | AB25: =PROPER(AA25) -> Yes | AC25: 100 | AD25: =IF(ISBLANK(AC25),AVERAGE(AC25:AC1024),AC25) -> 100 | AF25: country | AG25: =COUNTBLANK($M$2:$M$1001) -> 0
A26: FL250025 | B26: Jennifer Martin | C26: Jennifer | D26: Martin | E26: =CONCATENATE(C26," ",D26) -> Jennifer Martin | F26: =PROPER(E26) -> Jennifer Martin | H26: Female | I26: =PROPER(H26) -> Female | J26: 54 | K26: =IF(ISBLANK(J26),ROUND(AVERAGEIF($I$2:$I$1001,I26,$J$2:$J$1001),0),J26) -> 54 | L26: =IF(AND(K26>=20,K26<=30),"First level",IF(AND(K26>30,K26<=40),"Second level",IF(AND(K26>40,K26<=50),"Third level",IF(H33>50,"Fourth level")))) -> Fourth level | M26: Indonesia | N26: Indonesian | O26: Machine Learning | P26: 13 | Q26: =IF(ISBLANK(P26),ROUND(AVERAGEIF($L$2:$L$1001,L26,$P$2:$P$1001),0),P26) -> 13 | R26: 75 | S26: 75 | T26: 75 | U26: =IF(ISBLANK(T26),AVERAGE(T25:T1025),T26) -> 75 | V26: 75 | W26: 2.9 | X26: =IF(ISBLANK(W26),AVERAGE(W26:W1025),W26) -> 2.9 | AA26: =IF(ISBLANK(Z26),"Unknown",Z26) -> Unknown | AB26: =PROPER(AA26) -> Unknown | AC26: 92 | AD26: =IF(ISBLANK(AC26),AVERAGE(AC26:AC1025),AC26) -> 92 | AF26: language | AG26: =COUNTBLANK($N$2:$N$1001) -> 0
A27: FL250026 | B27: Anna Mccann | C27: Anna | D27: Mccann | E27: =CONCATENATE(C27," ",D27) -> Anna Mccann | F27: =PROPER(E27) -> Anna Mccann | H27: FEMALE | I27: =PROPER(H27) -> Female | J27: 22 | K27: =IF(ISBLANK(J27),ROUND(AVERAGEIF($I$2:$I$1001,I27,$J$2:$J$1001),0),J27) -> 22 | L27: =IF(AND(K27>=20,K27<=30),"First level",IF(AND(K27>30,K27<=40),"Second level",IF(AND(K27>40,K27<=50),"Third level",IF(H34>50,"Fourth level")))) -> First level | M27: South Korea | N27: Korean | O27: DevOps | P27: 0 | Q27: =IF(ISBLANK(P27),ROUND(AVERAGEIF($L$2:$L$1001,L27,$P$2:$P$1001),0),P27) -> 0 | R27: USD 30 | S27: 30 | T27: 30 | U27: =IF(ISBLANK(T27),AVERAGE(T26:T1026),T27) -> 30 | V27: 30 | W27: 1.2 | X27: =IF(ISBLANK(W27),AVERAGE(W27:W1026),W27) -> 1.2 | Y27: Yes | Z27: =CLEAN(TRIM(Y27)) -> Yes | AA27: =IF(ISBLANK(Z27),"Unknown",Z27) -> Yes | AB27: =PROPER(AA27) -> Yes | AC27: 70 | AD27: =IF(ISBLANK(AC27),AVERAGE(AC27:AC1026),AC27) -> 70 | AF27: primary_skill | AG27: =COUNTBLANK($O$2:$O$1001) -> 0
A28: FL250027 | B28: Marissa Bass | C28: Marissa | D28: Bass | E28: =CONCATENATE(C28," ",D28) -> Marissa Bass | F28: =PROPER(E28) -> Marissa Bass | H28: female | I28: =PROPER(H28) -> Female | J28: 34 | K28: =IF(ISBLANK(J28),ROUND(AVERAGEIF($I$2:$I$1001,I28,$J$2:$J$1001),0),J28) -> 34 | L28: =IF(AND(K28>=20,K28<=30),"First level",IF(AND(K28>30,K28<=40),"Second level",IF(AND(K28>40,K28<=50),"Third level",IF(H35>50,"Fourth level")))) -> Second level | M28: Japan | N28: Japanese | O28: Blockchain Development | P28: 8 | Q28: =IF(ISBLANK(P28),ROUND(AVERAGEIF($L$2:$L$1001,L28,$P$2:$P$1001),0),P28) -> 8 | R28: $20 | S28: $20 | T28: 20 | U28: =IF(ISBLANK(T28),AVERAGE(T27:T1027),T28) -> 20 | V28: 20 | W28: 0 | X28: =IF(ISBLANK(W28),AVERAGE(W28:W1027),W28) -> 0 | Y28: Yes | Z28: =CLEAN(TRIM(Y28)) -> Yes | AA28: =IF(ISBLANK(Z28),"Unknown",Z28) -> Yes | AB28: =PROPER(AA28) -> Yes | AC28: 89 | AD28: =IF(ISBLANK(AC28),AVERAGE(AC28:AC1027),AC28) -> 89 | AF28: years_of_experience | AG28: =COUNTBLANK($Q$2:$Q$1001) -> 0
A29: FL250028 | B29: Alexis Day | C29: Alexis | D29: Day | E29: =CONCATENATE(C29," ",D29) -> Alexis Day | F29: =PROPER(E29) -> Alexis Day | H29: Female | I29: =PROPER(H29) -> Female | J29: 36 | K29: =IF(ISBLANK(J29),ROUND(AVERAGEIF($I$2:$I$1001,I29,$J$2:$J$1001),0),J29) -> 36 | L29: =IF(AND(K29>=20,K29<=30),"First level",IF(AND(K29>30,K29<=40),"Second level",IF(AND(K29>40,K29<=50),"Third level",IF(H36>50,"Fourth level")))) -> Second level | M29: Russia | N29: Russian | O29: Graphic Design | P29: 11 | Q29: =IF(ISBLANK(P29),ROUND(AVERAGEIF($L$2:$L$1001,L29,$P$2:$P$1001),0),P29) -> 11 | U29: =IF(ISBLANK(T29),AVERAGE(T28:T1028),T29) -> 52.40678 | V29: 52.40678 | W29: 1.8 | X29: =IF(ISBLANK(W29),AVERAGE(W29:W1028),W29) -> 1.8 | Y29: Yes | Z29: =CLEAN(TRIM(Y29)) -> Yes | AA29: =IF(ISBLANK(Z29),"Unknown",Z29) -> Yes | AB29: =PROPER(AA29) -> Yes | AC29: 86 | AD29: =IF(ISBLANK(AC29),AVERAGE(AC29:AC1028),AC29) -> 86 | AF29: hourly_rate (USD) | AG29: =COUNTBLANK($V$2:$V$1001) -> 0
A30: FL250029 | B30: Megan Jones | C30: Megan | D30: Jones | E30: =CONCATENATE(C30," ",D30) -> Megan Jones | F30: =PROPER(E30) -> Megan Jones | H30: female | I30: =PROPER(H30) -> Female | J30: 47 | K30: =IF(ISBLANK(J30),ROUND(AVERAGEIF($I$2:$I$1001,I30,$J$2:$J$1001),0),J30) -> 47 | L30: =IF(AND(K30>=20,K30<=30),"First level",IF(AND(K30>30,K30<=40),"Second level",IF(AND(K30>40,K30<=50),"Third level",IF(H37>50,"Fourth level")))) -> Third level | M30: Canada | N30: English | O30: AI | P30: 22 | Q30: =IF(ISBLANK(P30),ROUND(AVERAGEIF($L$2:$L$1001,L30,$P$2:$P$1001),0),P30) -> 22 | R30: 30 | S30: 30 | T30: 30 | U30: =IF(ISBLANK(T30),AVERAGE(T29:T1029),T30) -> 30 | V30: 30 | W30: 1.3 | X30: =IF(ISBLANK(W30),AVERAGE(W30:W1029),W30) -> 1.3 | Y30: No | Z30: =CLEAN(TRIM(Y30)) -> No | AA30: =IF(ISBLANK(Z30),"Unknown",Z30) -> No | AB30: =PROPER(AA30) -> No | AC30: 62 | AD30: =IF(ISBLANK(AC30),AVERAGE(AC30:AC1029),AC30) -> 62 | AF30: rating | AG30: =COUNTBLANK($X$2:$X$1001) -> 0
A31: FL250030 | B31: Lori Smith | C31: Lori | D31: Smith | E31: =CONCATENATE(C31," ",D31) -> Lori Smith | F31: =PROPER(E31) -> Lori Smith | H31: FEMALE | I31: =PROPER(H31) -> Female | J31: 41 | K31: =IF(ISBLANK(J31),ROUND(AVERAGEIF($I$2:$I$1001,I31,$J$2:$J$1001),0),J31) -> 41 | L31: =IF(AND(K31>=20,K31<=30),"First level",IF(AND(K31>30,K31<=40),"Second level",IF(AND(K31>40,K31<=50),"Third level",IF(H38>50,"Fourth level")))) -> Third level | M31: Netherlands | N31: Dutch | O31: Data Analysis | P31: 14 | Q31: =IF(ISBLANK(P31),ROUND(AVERAGEIF($L$2:$L$1001,L31,$P$2:$P$1001),0),P31) -> 14 | R31: USD 75 | S31: 75 | T31: 75 | U31: =IF(ISBLANK(T31),AVERAGE(T30:T1030),T31) -> 75 | V31: 75 | W31: 1.2 | X31: =IF(ISBLANK(W31),AVERAGE(W31:W1030),W31) -> 1.2 | Y31: No | Z31: =CLEAN(TRIM(Y31)) -> No | AA31: =IF(ISBLANK(Z31),"Unknown",Z31) -> No | AB31: =PROPER(AA31) -> No | AD31: =IF(ISBLANK(AC31),AVERAGE(AC31:AC1030),AC31) -> 79.251564 | AF31: is_active | AG31: =COUNTBLANK($AA$2:$AA$1001) -> 0
A32: FL250031 | B32: Eric Carpenter | C32: Eric | D32: Carpenter | E32: =CONCATENATE(C32," ",D32) -> Eric Carpenter | F32: =PROPER(E32) -> Eric Carpenter | H32: Male | I32: =PROPER(H32) -> Male | J32: 22 | K32: =IF(ISBLANK(J32),ROUND(AVERAGEIF($I$2:$I$1001,I32,$J$2:$J$1001),0),J32) -> 22 | L32: =IF(AND(K32>=20,K32<=30),"First level",IF(AND(K32>30,K32<=40),"Second level",IF(AND(K32>40,K32<=50),"Third level",IF(H39>50,"Fourth level")))) -> First level | M32: Netherlands | N32: Dutch | O32: DevOps | P32: 4 | Q32: =IF(ISBLANK(P32),ROUND(AVERAGEIF($L$2:$L$1001,L32,$P$2:$P$1001),0),P32) -> 4 | U32: =IF(ISBLANK(T32),AVERAGE(T31:T1031),T32) -> 52.468856 | V32: 52.468856 | W32: 1 | X32: =IF(ISBLANK(W32),AVERAGE(W32:W1031),W32) -> 1 | Y32: yes | Z32: =CLEAN(TRIM(Y32)) -> yes | AA32: =IF(ISBLANK(Z32),"Unknown",Z32) -> yes | AB32: =PROPER(AA32) -> Yes | AD32: =IF(ISBLANK(AC32),AVERAGE(AC32:AC1031),AC32) -> 79.251564 | AF32: client_satisfaction | AG32: =COUNTBLANK(AD1:AD1001) -> 0
A33: FL250032 | B33: Timothy Daniels | C33: Timothy | D33: Daniels | E33: =CONCATENATE(C33," ",D33) -> Timothy Daniels | F33: =PROPER(E33) -> Timothy Daniels | H33: Male | I33: =PROPER(H33) -> Male | J33: 38 | K33: =IF(ISBLANK(J33),ROUND(AVERAGEIF($I$2:$I$1001,I33,$J$2:$J$1001),0),J33) -> 38 | L33: =IF(AND(K33>=20,K33<=30),"First level",IF(AND(K33>30,K33<=40),"Second level",IF(AND(K33>40,K33<=50),"Third level",IF(H40>50,"Fourth level")))) -> Second level | M33: France | N33: French | O33: Machine Learning | P33: 19 | Q33: =IF(ISBLANK(P33),ROUND(AVERAGEIF($L$2:$L$1001,L33,$P$2:$P$1001),0),P33) -> 19 | R33: USD 100 | S33: 100 | T33: 100 | U33: =IF(ISBLANK(T33),AVERAGE(T32:T1032),T33) -> 100 | V33: 100 | W33: 4.2 | X33: =IF(ISBLANK(W33),AVERAGE(W33:W1032),W33) -> 4.2 | Y33: No | Z33: =CLEAN(TRIM(Y33)) -> No | AA33: =IF(ISBLANK(Z33),"Unknown",Z33) -> No | AB33: =PROPER(AA33) -> No | AC33: 68 | AD33: =IF(ISBLANK(AC33),AVERAGE(AC33:AC1032),AC33) -> 68
A34: FL250033 | B34: Robert Nelson | C34: Robert | D34: Nelson | E34: =CONCATENATE(C34," ",D34) -> Robert Nelson | F34: =PROPER(E34) -> Robert Nelson | H34: Male | I34: =PROPER(H34) -> Male | J34: 46 | K34: =IF(ISBLANK(J34),ROUND(AVERAGEIF($I$2:$I$1001,I34,$J$2:$J$1001),0),J34) -> 46 | L34: =IF(AND(K34>=20,K34<=30),"First level",IF(AND(K34>30,K34<=40),"Second level",IF(AND(K34>40,K34<=50),"Third level",IF(H41>50,"Fourth level")))) -> Third level | M34: Egypt | N34: Arabic | O34: AI | P34: 9 | Q34: =IF(ISBLANK(P34),ROUND(AVERAGEIF($L$2:$L$1001,L34,$P$2:$P$1001),0),P34) -> 9 | R34: 20 | S34: 20 | T34: 20 | U34: =IF(ISBLANK(T34),AVERAGE(T33:T1033),T34) -> 20 | V34: 20 | W34: 1.4 | X34: =IF(ISBLANK(W34),AVERAGE(W34:W1033),W34) -> 1.4 | Y34: Yes | Z34: =CLEAN(TRIM(Y34)) -> Yes | AA34: =IF(ISBLANK(Z34),"Unknown",Z34) -> Yes | AB34: =PROPER(AA34) -> Yes | AC34: 76 | AD34: =IF(ISBLANK(AC34),AVERAGE(AC34:AC1033),AC34) -> 76
A35: FL250034 | B35: Michael Anderson | C35: Michael | D35: Anderson | E35: =CONCATENATE(C35," ",D35) -> Michael Anderson | F35: =PROPER(E35) -> Michael Anderson | H35: male | I35: =PROPER(H35) -> Male | K35: =IF(ISBLANK(J35),ROUND(AVERAGEIF($I$2:$I$1001,I35,$J$2:$J$1001),0),J35) -> 41 | L35: =IF(AND(K35>=20,K35<=30),"First level",IF(AND(K35>30,K35<=40),"Second level",IF(AND(K35>40,K35<=50),"Third level",IF(H42>50,"Fourth level")))) -> Third level | M35: South Korea | N35: Korean | O35: AI | P35: 9 | Q35: =IF(ISBLANK(P35),ROUND(AVERAGEIF($L$2:$L$1001,L35,$P$2:$P$1001),0),P35) -> 9 | R35: 40 | S35: 40 | T35: 40 | U35: =IF(ISBLANK(T35),AVERAGE(T34:T1034),T35) -> 40 | V35: 40 | W35: 2.4 | X35: =IF(ISBLANK(W35),AVERAGE(W35:W1034),W35) -> 2.4 | Y35: yes | Z35: =CLEAN(TRIM(Y35)) -> yes | AA35: =IF(ISBLANK(Z35),"Unknown",Z35) -> yes | AB35: =PROPER(AA35) -> Yes | AC35: 82 | AD35: =IF(ISBLANK(AC35),AVERAGE(AC35:AC1034),AC35) -> 82
A36: FL250035 | B36: Jessica Snyder | C36: Jessica | D36: Snyder | E36: =CONCATENATE(C36," ",D36) -> Jessica Snyder | F36: =PROPER(E36) -> Jessica Snyder | H36: FEMALE | I36: =PROPER(H36) -> Female | J36: 54 | K36: =IF(ISBLANK(J36),ROUND(AVERAGEIF($I$2:$I$1001,I36,$J$2:$J$1001),0),J36) -> 54 | L36: =IF(AND(K36>=20,K36<=30),"First level",IF(AND(K36>30,K36<=40),"Second level",IF(AND(K36>40,K36<=50),"Third level",IF(H43>50,"Fourth level")))) -> Fourth level | M36: United States | N36: English | O36: Web Development | P36: 32 | Q36: =IF(ISBLANK(P36),ROUND(AVERAGEIF($L$2:$L$1001,L36,$P$2:$P$1001),0),P36) -> 32 | R36: 75 | S36: 75 | T36: 75 | U36: =IF(ISBLANK(T36),AVERAGE(T35:T1035),T36) -> 75 | V36: 75 | W36: 1 | X36: =IF(ISBLANK(W36),AVERAGE(W36:W1035),W36) -> 1 | Y36: yes | Z36: =CLEAN(TRIM(Y36)) -> yes | AA36: =IF(ISBLANK(Z36),"Unknown",Z36) -> yes | AB36: =PROPER(AA36) -> Yes | AC36: 81 | AD36: =IF(ISBLANK(AC36),AVERAGE(AC36:AC1035),AC36) -> 81
A37: FL250036 | B37: Emily Daniels | C37: Emily | D37: Daniels | E37: =CONCATENATE(C37," ",D37) -> Emily Daniels | F37: =PROPER(E37) -> Emily Daniels | H37: female | I37: =PROPER(H37) -> Female | J37: 52 | K37: =IF(ISBLANK(J37),ROUND(AVERAGEIF($I$2:$I$1001,I37,$J$2:$J$1001),0),J37) -> 52 | L37: =IF(AND(K37>=20,K37<=30),"First level",IF(AND(K37>30,K37<=40),"Second level",IF(AND(K37>40,K37<=50),"Third level",IF(H44>50,"Fourth level")))) -> Fourth level | M37: South Korea | N37: Korean | O37: Web Development | P37: 28 | Q37: =IF(ISBLANK(P37),ROUND(AVERAGEIF($L$2:$L$1001,L37,$P$2:$P$1001),0),P37) -> 28 | R37: $20 | S37: $20 | T37: 20 | U37: =IF(ISBLANK(T37),AVERAGE(T36:T1036),T37) -> 20 | V37: 20 | X37: =IF(ISBLANK(W37),AVERAGE(W37:W1036),W37) -> 2.5203917 | Y37: No | Z37: =CLEAN(TRIM(Y37)) -> No | AA37: =IF(ISBLANK(Z37),"Unknown",Z37) -> No | AB37: =PROPER(AA37) -> No | AD37: =IF(ISBLANK(AC37),AVERAGE(AC37:AC1036),AC37) -> 79.264151
A38: FL250037 | B38: Jamie Ramirez | C38: Jamie | D38: Ramirez | E38: =CONCATENATE(C38," ",D38) -> Jamie Ramirez | F38: =PROPER(E38) -> Jamie Ramirez | H38: Female | I38: =PROPER(H38) -> Female | J38: 42 | K38: =IF(ISBLANK(J38),ROUND(AVERAGEIF($I$2:$I$1001,I38,$J$2:$J$1001),0),J38) -> 42 | L38: =IF(AND(K38>=20,K38<=30),"First level",IF(AND(K38>30,K38<=40),"Second level",IF(AND(K38>40,K38<=50),"Third level",IF(H45>50,"Fourth level")))) -> Third level | M38: Japan | N38: Japanese | O38: Mobile Apps | P38: 6 | Q38: =IF(ISBLANK(P38),ROUND(AVERAGEIF($L$2:$L$1001,L38,$P$2:$P$1001),0),P38) -> 6 | R38: 40 | S38: 40 | T38: 40 | U38: =IF(ISBLANK(T38),AVERAGE(T37:T1037),T38) -> 40 | V38: 40 | X38: =IF(ISBLANK(W38),AVERAGE(W38:W1037),W38) -> 2.5203917 | Y38: No | Z38: =CLEAN(TRIM(Y38)) -> No | AA38: =IF(ISBLANK(Z38),"Unknown",Z38) -> No | AB38: =PROPER(AA38) -> No | AC38: 63 | AD38: =IF(ISBLANK(AC38),AVERAGE(AC38:AC1037),AC38) -> 63
A39: FL250038 | B39: Amy Harrison | C39: Amy | D39: Harrison | E39: =CONCATENATE(C39," ",D39) -> Amy Harrison | F39: =PROPER(E39) -> Amy Harrison | H39: Female | I39: =PROPER(H39) -> Female | J39: 29 | K39: =IF(ISBLANK(J39),ROUND(AVERAGEIF($I$2:$I$1001,I39,$J$2:$J$1001),0),J39) -> 29 | L39: =IF(AND(K39>=20,K39<=30),"First level",IF(AND(K39>30,K39<=40),"Second level",IF(AND(K39>40,K39<=50),"Third level",IF(H46>50,"Fourth level")))) -> First level | M39: Netherlands | N39: Dutch | O39: Graphic Design | P39: 10 | Q39: =IF(ISBLANK(P39),ROUND(AVERAGEIF($L$2:$L$1001,L39,$P$2:$P$1001),0),P39) -> 10 | R39: 40 | S39: 40 | T39: 40 | U39: =IF(ISBLANK(T39),AVERAGE(T38:T1038),T39) -> 40 | V39: 40 | W39: 2.2 | X39: =IF(ISBLANK(W39),AVERAGE(W39:W1038),W39) -> 2.2 | Y39: No | Z39: =CLEAN(TRIM(Y39)) -> No | AA39: =IF(ISBLANK(Z39),"Unknown",Z39) -> No | AB39: =PROPER(AA39) -> No | AC39: 67 | AD39: =IF(ISBLANK(AC39),AVERAGE(AC39:AC1038),AC39) -> 67
A40: FL250039 | B40: Melinda White | C40: Melinda | D40: White | E40: =CONCATENATE(C40," ",D40) -> Melinda White | F40: =PROPER(E40) -> Melinda White | H40: Female | I40: =PROPER(H40) -> Female | J40: 42 | K40: =IF(ISBLANK(J40),ROUND(AVERAGEIF($I$2:$I$1001,I40,$J$2:$J$1001),0),J40) -> 42 | L40: =IF(AND(K40>=20,K40<=30),"First level",IF(AND(K40>30,K40<=40),"Second level",IF(AND(K40>40,K40<=50),"Third level",IF(H47>50,"Fourth level")))) -> Third level | M40: South Africa | N40: Afrikaans | O40: Mobile Apps | P40: 23 | Q40: =IF(ISBLANK(P40),ROUND(AVERAGEIF($L$2:$L$1001,L40,$P$2:$P$1001),0),P40) -> 23 | R40: 50 | S40: 50 | T40: 50 | U40: =IF(ISBLANK(T40),AVERAGE(T39:T1039),T40) -> 50 | V40: 50 | W40: 3.2 | X40: =IF(ISBLANK(W40),AVERAGE(W40:W1039),W40) -> 3.2 | Y40: yes | Z40: =CLEAN(TRIM(Y40)) -> yes | AA40: =IF(ISBLANK(Z40),"Unknown",Z40) -> yes | AB40: =PROPER(AA40) -> Yes | AD40: =IF(ISBLANK(AC40),AVERAGE(AC40:AC1039),AC40) -> 79.300126
A41: FL250040 | B41: James Hernandez | C41: James | D41: Hernandez | E41: =CONCATENATE(C41," ",D41) -> James Hernandez | F41: =PROPER(E41) -> James Hernandez | H41: Male | I41: =PROPER(H41) -> Male | J41: 60 | K41: =IF(ISBLANK(J41),ROUND(AVERAGEIF($I$2:$I$1001,I41,$J$2:$J$1001),0),J41) -> 60 | L41: =IF(AND(K41>=20,K41<=30),"First level",IF(AND(K41>30,K41<=40),"Second level",IF(AND(K41>40,K41<=50),"Third level",IF(H48>50,"Fourth level")))) -> Fourth level | M41: Japan | N41: Japanese | O41: Web Development | P41: 13 | Q41: =IF(ISBLANK(P41),ROUND(AVERAGEIF($L$2:$L$1001,L41,$P$2:$P$1001),0),P41) -> 13 | R41: $20 | S41: $20 | T41: 20 | U41: =IF(ISBLANK(T41),AVERAGE(T40:T1040),T41) -> 20 | V41: 20 | W41: 3.6 | X41: =IF(ISBLANK(W41),AVERAGE(W41:W1040),W41) -> 3.6 | Y41: No | Z41: =CLEAN(TRIM(Y41)) -> No | AA41: =IF(ISBLANK(Z41),"Unknown",Z41) -> No | AB41: =PROPER(AA41) -> No | AC41: 80 | AD41: =IF(ISBLANK(AC41),AVERAGE(AC41:AC1040),AC41) -> 80
A42: FL250041 | B42: Angelica Rogers | C42: Angelica | D42: Rogers | E42: =CONCATENATE(C42," ",D42) -> Angelica Rogers | F42: =PROPER(E42) -> Angelica Rogers | H42: Female | I42: =PROPER(H42) -> Female | J42: 59 | K42: =IF(ISBLANK(J42),ROUND(AVERAGEIF($I$2:$I$1001,I42,$J$2:$J$1001),0),J42) -> 59 | L42: =IF(AND(K42>=20,K42<=30),"First level",IF(AND(K42>30,K42<=40),"Second level",IF(AND(K42>40,K42<=50),"Third level",IF(H49>50,"Fourth level")))) -> Fourth level | M42: United Kingdom | N42: English | O42: AI | P42: 3 | Q42: =IF(ISBLANK(P42),ROUND(AVERAGEIF($L$2:$L$1001,L42,$P$2:$P$1001),0),P42) -> 3 | R42: USD 50 | S42: 50 | T42: 50 | U42: =IF(ISBLANK(T42),AVERAGE(T41:T1041),T42) -> 50 | V42: 50 | W42: 0 | X42: =IF(ISBLANK(W42),AVERAGE(W42:W1041),W42) -> 0 | Y42: no | Z42: =CLEAN(TRIM(Y42)) -> no | AA42: =IF(ISBLANK(Z42),"Unknown",Z42) -> no | AB42: =PROPER(AA42) -> No | AD42: =IF(ISBLANK(AC42),AVERAGE(AC42:AC1041),AC42) -> 79.299242
A43: FL250042 | B43: Savannah Williams | C43: Savannah | D43: Williams | E43: =CONCATENATE(C43," ",D43) -> Savannah Williams | F43: =PROPER(E43) -> Savannah Williams | H43: Female | I43: =PROPER(H43) -> Female | J43: 21 | K43: =IF(ISBLANK(J43),ROUND(AVERAGEIF($I$2:$I$1001,I43,$J$2:$J$1001),0),J43) -> 21 | L43: =IF(AND(K43>=20,K43<=30),"First level",IF(AND(K43>30,K43<=40),"Second level",IF(AND(K43>40,K43<=50),"Third level",IF(H50>50,"Fourth level")))) -> First level | M43: Canada | N43: English | O43: Web Development | P43: 0 | Q43: =IF(ISBLANK(P43),ROUND(AVERAGEIF($L$2:$L$1001,L43,$P$2:$P$1001),0),P43) -> 0 | R43: 30 | S43: 30 | T43: 30 | U43: =IF(ISBLANK(T43),AVERAGE(T42:T1042),T43) -> 30 | V43: 30 | W43: 2.7 | X43: =IF(ISBLANK(W43),AVERAGE(W43:W1042),W43) -> 2.7 | Y43: Yes | Z43: =CLEAN(TRIM(Y43)) -> Yes | AA43: =IF(ISBLANK(Z43),"Unknown",Z43) -> Yes | AB43: =PROPER(AA43) -> Yes | AC43: 84 | AD43: =IF(ISBLANK(AC43),AVERAGE(AC43:AC1042),AC43) -> 84
A44: FL250043 | B44: Kaitlyn Schmidt | C44: Kaitlyn | D44: Schmidt | E44: =CONCATENATE(C44," ",D44) -> Kaitlyn Schmidt | F44: =PROPER(E44) -> Kaitlyn Schmidt | H44: Female | I44: =PROPER(H44) -> Female | J44: 35 | K44: =IF(ISBLANK(J44),ROUND(AVERAGEIF($I$2:$I$1001,I44,$J$2:$J$1001),0),J44) -> 35 | L44: =IF(AND(K44>=20,K44<=30),"First level",IF(AND(K44>30,K44<=40),"Second level",IF(AND(K44>40,K44<=50),"Third level",IF(H51>50,"Fourth level")))) -> Second level | M44: Germany | N44: German | O44: DevOps | P44: 10 | Q44: =IF(ISBLANK(P44),ROUND(AVERAGEIF($L$2:$L$1001,L44,$P$2:$P$1001),0),P44) -> 10 | R44: $50 | S44: $50 | T44: 50 | U44: =IF(ISBLANK(T44),AVERAGE(T43:T1043),T44) -> 50 | V44: 50 | W44: 0 | X44: =IF(ISBLANK(W44),AVERAGE(W44:W1043),W44) -> 0 | Y44: no | Z44: =CLEAN(TRIM(Y44)) -> no | AA44: =IF(ISBLANK(Z44),"Unknown",Z44) -> no | AB44: =PROPER(AA44) -> No | AD44: =IF(ISBLANK(AC44),AVERAGE(AC44:AC1043),AC44) -> 79.2933
A45: FL250044 | B45: Jason Singh | C45: Jason | D45: Singh | E45: =CONCATENATE(C45," ",D45) -> Jason Singh | F45: =PROPER(E45) -> Jason Singh | H45: male | I45: =PROPER(H45) -> Male | J45: 41 | K45: =IF(ISBLANK(J45),ROUND(AVERAGEIF($I$2:$I$1001,I45,$J$2:$J$1001),0),J45) -> 41 | L45: =IF(AND(K45>=20,K45<=30),"First level",IF(AND(K45>30,K45<=40),"Second level",IF(AND(K45>40,K45<=50),"Third level",IF(H52>50,"Fourth level")))) -> Third level | M45: United Kingdom | N45: English | O45: Data Analysis | Q45: =IF(ISBLANK(P45),ROUND(AVERAGEIF($L$2:$L$1001,L45,$P$2:$P$1001),0),P45) -> 13 | R45: 20 | S45: 20 | T45: 20 | U45: =IF(ISBLANK(T45),AVERAGE(T44:T1044),T45) -> 20 | V45: 20 | W45: 2.8 | X45: =IF(ISBLANK(W45),AVERAGE(W45:W1044),W45) -> 2.8 | Y45: Yes | Z45: =CLEAN(TRIM(Y45)) -> Yes | AA45: =IF(ISBLANK(Z45),"Unknown",Z45) -> Yes | AB45: =PROPER(AA45) -> Yes | AC45: 63 | AD45: =IF(ISBLANK(AC45),AVERAGE(AC45:AC1044),AC45) -> 63
A46: FL250045 | B46: Michelle Ramirez | C46: Michelle | D46: Ramirez | E46: =CONCATENATE(C46," ",D46) -> Michelle Ramirez | F46: =PROPER(E46) -> Michelle Ramirez | H46: Female | I46: =PROPER(H46) -> Female | J46: 51 | K46: =IF(ISBLANK(J46),ROUND(AVERAGEIF($I$2:$I$1001,I46,$J$2:$J$1001),0),J46) -> 51 | L46: =IF(AND(K46>=20,K46<=30),"First level",IF(AND(K46>30,K46<=40),"Second level",IF(AND(K46>40,K46<=50),"Third level",IF(H53>50,"Fourth level")))) -> Fourth level | M46: Netherlands | N46: Dutch | O46: Machine Learning | P46: 23 | Q46: =IF(ISBLANK(P46),ROUND(AVERAGEIF($L$2:$L$1001,L46,$P$2:$P$1001),0),P46) -> 23 | R46: 20 | S46: 20 | T46: 20 | U46: =IF(ISBLANK(T46),AVERAGE(T45:T1045),T46) -> 20 | V46: 20 | W46: 2.5 | X46: =IF(ISBLANK(W46),AVERAGE(W46:W1045),W46) -> 2.5 | Y46: No | Z46: =CLEAN(TRIM(Y46)) -> No | AA46: =IF(ISBLANK(Z46),"Unknown",Z46) -> No | AB46: =PROPER(AA46) -> No | AC46: 80 | AD46: =IF(ISBLANK(AC46),AVERAGE(AC46:AC1045),AC46) -> 80
A47: FL250046 | B47: James Brown | C47: James | D47: Brown | E47: =CONCATENATE(C47," ",D47) -> James Brown | F47: =PROPER(E47) -> James Brown | H47: male | I47: =PROPER(H47) -> Male | J47: 41 | K47: =IF(ISBLANK(J47),ROUND(AVERAGEIF($I$2:$I$1001,I47,$J$2:$J$1001),0),J47) -> 41 | L47: =IF(AND(K47>=20,K47<=30),"First level",IF(AND(K47>30,K47<=40),"Second level",IF(AND(K47>40,K47<=50),"Third level",IF(H54>50,"Fourth level")))) -> Third level | M47: South Africa | N47: Afrikaans | O47: Web Development | P47: 9 | Q47: =IF(ISBLANK(P47),ROUND(AVERAGEIF($L$2:$L$1001,L47,$P$2:$P$1001),0),P47) -> 9 | R47: $75 | S47: $75 | T47: 75 | U47: =IF(ISBLANK(T47),AVERAGE(T46:T1046),T47) -> 75 | V47: 75 | W47: 4.9 | X47: =IF(ISBLANK(W47),AVERAGE(W47:W1046),W47) -> 4.9 | Y47: Yes | Z47: =CLEAN(TRIM(Y47)) -> Yes | AA47: =IF(ISBLANK(Z47),"Unknown",Z47) -> Yes | AB47: =PROPER(AA47) -> Yes | AC47: 74 | AD47: =IF(ISBLANK(AC47),AVERAGE(AC47:AC1046),AC47) -> 74
A48: FL250047 | B48: Mrs. Samantha Simmons | C48: Samantha | D48: Simmons | E48: =CONCATENATE(C48," ",D48) -> Samantha Simmons | F48: =PROPER(E48) -> Samantha Simmons | H48: Female | I48: =PROPER(H48) -> Female | J48: 47 | K48: =IF(ISBLANK(J48),ROUND(AVERAGEIF($I$2:$I$1001,I48,$J$2:$J$1001),0),J48) -> 47 | L48: =IF(AND(K48>=20,K48<=30),"First level",IF(AND(K48>30,K48<=40),"Second level",IF(AND(K48>40,K48<=50),"Third level",IF(H55>50,"Fourth level")))) -> Third level | M48: Egypt | N48: Arabic | O48: DevOps | P48: 15 | Q48: =IF(ISBLANK(P48),ROUND(AVERAGEIF($L$2:$L$1001,L48,$P$2:$P$1001),0),P48) -> 15 | R48: USD 30 | S48: 30 | T48: 30 | U48: =IF(ISBLANK(T48),AVERAGE(T47:T1047),T48) -> 30 | V48: 30 | W48: 4.5 | X48: =IF(ISBLANK(W48),AVERAGE(W48:W1047),W48) -> 4.5 | Y48: Yes | Z48: =CLEAN(TRIM(Y48)) -> Yes | AA48: =IF(ISBLANK(Z48),"Unknown",Z48) -> Yes | AB48: =PROPER(AA48) -> Yes | AC48: 85 | AD48: =IF(ISBLANK(AC48),AVERAGE(AC48:AC1047),AC48) -> 85
A49: FL250048 | B49: Chase Mason | C49: Chase | D49: Mason | E49: =CONCATENATE(C49," ",D49) -> Chase Mason | F49: =PROPER(E49) -> Chase Mason | H49: male | I49: =PROPER(H49) -> Male | J49: 25 | K49: =IF(ISBLANK(J49),ROUND(AVERAGEIF($I$2:$I$1001,I49,$J$2:$J$1001),0),J49) -> 25 | L49: =IF(AND(K49>=20,K49<=30),"First level",IF(AND(K49>30,K49<=40),"Second level",IF(AND(K49>40,K49<=50),"Third level",IF(H56>50,"Fourth level")))) -> First level | M49: China | N49: Mandarin | O49: Graphic Design | P49: 4 | Q49: =IF(ISBLANK(P49),ROUND(AVERAGEIF($L$2:$L$1001,L49,$P$2:$P$1001),0),P49) -> 4 | R49: 50 | S49: 50 | T49: 50 | U49: =IF(ISBLANK(T49),AVERAGE(T48:T1048),T49) -> 50 | V49: 50 | W49: 2.7 | X49: =IF(ISBLANK(W49),AVERAGE(W49:W1048),W49) -> 2.7 | Y49: No | Z49: =CLEAN(TRIM(Y49)) -> No | AA49: =IF(ISBLANK(Z49),"Unknown",Z49) -> No | AB49: =PROPER(AA49) -> No | AC49: 77 | AD49: =IF(ISBLANK(AC49),AVERAGE(AC49:AC1048),AC49) -> 77
A50: FL250049 | B50: Dominique Ward | C50: Dominique | D50: Ward | E50: =CONCATENATE(C50," ",D50) -> Dominique Ward | F50: =PROPER(E50) -> Dominique Ward | H50: Female | I50: =PROPER(H50) -> Female | J50: 25 | K50: =IF(ISBLANK(J50),ROUND(AVERAGEIF($I$2:$I$1001,I50,$J$2:$J$1001),0),J50) -> 25 | L50: =IF(AND(K50>=20,K50<=30),"First level",IF(AND(K50>30,K50<=40),"Second level",IF(AND(K50>40,K50<=50),"Third level",IF(H57>50,"Fourth level")))) -> First level | M50: Mexico | N50: Spanish | O50: Mobile Apps | P50: 7 | Q50: =IF(ISBLANK(P50),ROUND(AVERAGEIF($L$2:$L$1001,L50,$P$2:$P$1001),0),P50) -> 7 | R50: 20 | S50: 20 | T50: 20 | U50: =IF(ISBLANK(T50),AVERAGE(T49:T1049),T50) -> 20 | V50: 20 | W50: 1.9 | X50: =IF(ISBLANK(W50),AVERAGE(W50:W1049),W50) -> 1.9 | Y50: No | Z50: =CLEAN(TRIM(Y50)) -> No | AA50: =IF(ISBLANK(Z50),"Unknown",Z50) -> No | AB50: =PROPER(AA50) -> No | AD50: =IF(ISBLANK(AC50),AVERAGE(AC50:AC1049),AC50) -> 79.315522
A51: FL250050 | B51: Lance Griffin | C51: Lance | D51: Griffin | E51: =CONCATENATE(C51," ",D51) -> Lance Griffin | F51: =PROPER(E51) -> Lance Griffin | H51: Male | I51: =PROPER(H51) -> Male | J51: 29 | K51: =IF(ISBLANK(J51),ROUND(AVERAGEIF($I$2:$I$1001,I51,$J$2:$J$1001),0),J51) -> 29 | L51: =IF(AND(K51>=20,K51<=30),"First level",IF(AND(K51>30,K51<=40),"Second level",IF(AND(K51>40,K51<=50),"Third level",IF(H58>50,"Fourth level")))) -> First level | M51: Netherlands | N51: Dutch | O51: UI/UX Design | P51: 1 | Q51: =IF(ISBLANK(P51),ROUND(AVERAGEIF($L$2:$L$1001,L51,$P$2:$P$1001),0),P51) -> 1 | R51: 20 | S51: 20 | T51: 20 | U51: =IF(ISBLANK(T51),AVERAGE(T50:T1050),T51) -> 20 | V51: 20 | W51: 1.4 | X51: =IF(ISBLANK(W51),AVERAGE(W51:W1050),W51) -> 1.4 | Y51: Yes | Z51: =CLEAN(TRIM(Y51)) -> Yes | AA51: =IF(ISBLANK(Z51),"Unknown",Z51) -> Yes | AB51: =PROPER(AA51) -> Yes | AC51: 63 | AD51: =IF(ISBLANK(AC51),AVERAGE(AC51:AC1050),AC51) -> 63
A52: FL250051 | B52: Julie Burgess | C52: Julie | D52: Burgess | E52: =CONCATENATE(C52," ",D52) -> Julie Burgess | F52: =PROPER(E52) -> Julie Burgess | H52: FEMALE | I52: =PROPER(H52) -> Female | J52: 23 | K52: =IF(ISBLANK(J52),ROUND(AVERAGEIF($I$2:$I$1001,I52,$J$2:$J$1001),0),J52) -> 23 | L52: =IF(AND(K52>=20,K52<=30),"First level",IF(AND(K52>30,K52<=40),"Second level",IF(AND(K52>40,K52<=50),"Third level",IF(H59>50,"Fourth level")))) -> First level | M52: Argentina | N52: Spanish | O52: Cybersecurity | P52: 0 | Q52: =IF(ISBLANK(P52),ROUND(AVERAGEIF($L$2:$L$1001,L52,$P$2:$P$1001),0),P52) -> 0 | R52: 75 | S52: 75 | T52: 75 | U52: =IF(ISBLANK(T52),AVERAGE(T51:T1051),T52) -> 75 | V52: 75 | W52: 1.9 | X52: =IF(ISBLANK(W52),AVERAGE(W52:W1051),W52) -> 1.9 | Y52: Yes | Z52: =CLEAN(TRIM(Y52)) -> Yes | AA52: =IF(ISBLANK(Z52),"Unknown",Z52) -> Yes | AB52: =PROPER(AA52) -> Yes | AC52: 79 | AD52: =IF(ISBLANK(AC52),AVERAGE(AC52:AC1051),AC52) -> 79
A53: FL250052 | B53: Don Scott | C53: Don | D53: Scott | E53: =CONCATENATE(C53," ",D53) -> Don Scott | F53: =PROPER(E53) -> Don Scott | H53: male | I53: =PROPER(H53) -> Male | J53: 31 | K53: =IF(ISBLANK(J53),ROUND(AVERAGEIF($I$2:$I$1001,I53,$J$2:$J$1001),0),J53) -> 31 | L53: =IF(AND(K53>=20,K53<=30),"First level",IF(AND(K53>30,K53<=40),"Second level",IF(AND(K53>40,K53<=50),"Third level",IF(H60>50,"Fourth level")))) -> Second level | M53: France | N53: French | O53: Data Analysis | P53: 8 | Q53: =IF(ISBLANK(P53),ROUND(AVERAGEIF($L$2:$L$1001,L53,$P$2:$P$1001),0),P53) -> 8 | R53: 50 | S53: 50 | T53: 50 | U53: =IF(ISBLANK(T53),AVERAGE(T52:T1052),T53) -> 50 | V53: 50 | W53: 3.4 | X53: =IF(ISBLANK(W53),AVERAGE(W53:W1052),W53) -> 3.4 | Y53: No | Z53: =CLEAN(TRIM(Y53)) -> No | AA53: =IF(ISBLANK(Z53),"Unknown",Z53) -> No | AB53: =PROPER(AA53) -> No | AD53: =IF(ISBLANK(AC53),AVERAGE(AC53:AC1052),AC53) -> 79.336735
A54: FL250053 | B54: Kyle Atkinson | C54: Kyle | D54: Atkinson | E54: =CONCATENATE(C54," ",D54) -> Kyle Atkinson | F54: =PROPER(E54) -> Kyle Atkinson | H54: Male | I54: =PROPER(H54) -> Male | J54: 51 | K54: =IF(ISBLANK(J54),ROUND(AVERAGEIF($I$2:$I$1001,I54,$J$2:$J$1001),0),J54) -> 51 | L54: =IF(AND(K54>=20,K54<=30),"First level",IF(AND(K54>30,K54<=40),"Second level",IF(AND(K54>40,K54<=50),"Third level",IF(H61>50,"Fourth level")))) -> Fourth level | M54: Germany | N54: German | O54: Machine Learning | P54: 33 | Q54: =IF(ISBLANK(P54),ROUND(AVERAGEIF($L$2:$L$1001,L54,$P$2:$P$1001),0),P54) -> 33 | R54: 75 | S54: 75 | T54: 75 | U54: =IF(ISBLANK(T54),AVERAGE(T53:T1053),T54) -> 75 | V54: 75 | W54: 3.3 | X54: =IF(ISBLANK(W54),AVERAGE(W54:W1053),W54) -> 3.3 | AA54: =IF(ISBLANK(Z54),"Unknown",Z54) -> Unknown | AB54: =PROPER(AA54) -> Unknown | AC54: 68 | AD54: =IF(ISBLANK(AC54),AVERAGE(AC54:AC1053),AC54) -> 68
A55: FL250054 | B55: Jimmy Hogan | C55: Jimmy | D55: Hogan | E55: =CONCATENATE(C55," ",D55) -> Jimmy Hogan | F55: =PROPER(E55) -> Jimmy Hogan | H55: Male | I55: =PROPER(H55) -> Male | K55: =IF(ISBLANK(J55),ROUND(AVERAGEIF($I$2:$I$1001,I55,$J$2:$J$1001),0),J55) -> 41 | L55: =IF(AND(K55>=20,K55<=30),"First level",IF(AND(K55>30,K55<=40),"Second level",IF(AND(K55>40,K55<=50),"Third level",IF(H62>50,"Fourth level")))) -> Third level | M55: Spain | N55: Spanish | O55: UI/UX Design | P55: 1 | Q55: =IF(ISBLANK(P55),ROUND(AVERAGEIF($L$2:$L$1001,L55,$P$2:$P$1001),0),P55) -> 1 | R55: 30 | S55: 30 | T55: 30 | U55: =IF(ISBLANK(T55),AVERAGE(T54:T1054),T55) -> 30 | V55: 30 | W55: 0 | X55: =IF(ISBLANK(W55),AVERAGE(W55:W1054),W55) -> 0 | Y55: No | Z55: =CLEAN(TRIM(Y55)) -> No | AA55: =IF(ISBLANK(Z55),"Unknown",Z55) -> No | AB55: =PROPER(AA55) -> No | AC55: 68 | AD55: =IF(ISBLANK(AC55),AVERAGE(AC55:AC1054),AC55) -> 68
A56: FL250055 | B56: Jennifer Mcintyre | C56: Jennifer | D56: Mcintyre | E56: =CONCATENATE(C56," ",D56) -> Jennifer Mcintyre | F56: =PROPER(E56) -> Jennifer Mcintyre | H56: Female | I56: =PROPER(H56) -> Female | J56: 29 | K56: =IF(ISBLANK(J56),ROUND(AVERAGEIF($I$2:$I$1001,I56,$J$2:$J$1001),0),J56) -> 29 | L56: =IF(AND(K56>=20,K56<=30),"First level",IF(AND(K56>30,K56<=40),"Second level",IF(AND(K56>40,K56<=50),"Third level",IF(H63>50,"Fourth level")))) -> First level | M56: Turkey | N56: Turkish | O56: Cybersecurity | P56: 11 | Q56: =IF(ISBLANK(P56),ROUND(AVERAGEIF($L$2:$L$1001,L56,$P$2:$P$1001),0),P56) -> 11 | R56: 100 | S56: 100 | T56: 100 | U56: =IF(ISBLANK(T56),AVERAGE(T55:T1055),T56) -> 100 | V56: 100 | W56: 2.3 | X56: =IF(ISBLANK(W56),AVERAGE(W56:W1055),W56) -> 2.3 | Y56: Yes | Z56: =CLEAN(TRIM(Y56)) -> Yes | AA56: =IF(ISBLANK(Z56),"Unknown",Z56) -> Yes | AB56: =PROPER(AA56) -> Yes | AC56: 72 | AD56: =IF(ISBLANK(AC56),AVERAGE(AC56:AC1055),AC56) -> 72
A57: FL250056 | B57: Larry Simpson | C57: Larry | D57: Simpson | E57: =CONCATENATE(C57," ",D57) -> Larry Simpson | F57: =PROPER(E57) -> Larry Simpson | H57: Male | I57: =PROPER(H57) -> Male | J57: 50 | K57: =IF(ISBLANK(J57),ROUND(AVERAGEIF($I$2:$I$1001,I57,$J$2:$J$1001),0),J57) -> 50 | L57: =IF(AND(K57>=20,K57<=30),"First level",IF(AND(K57>30,K57<=40),"Second level",IF(AND(K57>40,K57<=50),"Third level",IF(H64>50,"Fourth level")))) -> Third level | M57: United Kingdom | N57: English | O57: AI | P57: 15 | Q57: =IF(ISBLANK(P57),ROUND(AVERAGEIF($L$2:$L$1001,L57,$P$2:$P$1001),0),P57) -> 15 | U57: =IF(ISBLANK(T57),AVERAGE(T56:T1056),T57) -> 52.683353 | V57: 52.683353 | W57: 2 | X57: =IF(ISBLANK(W57),AVERAGE(W57:W1056),W57) -> 2 | Y57: yes | Z57: =CLEAN(TRIM(Y57)) -> yes | AA57: =IF(ISBLANK(Z57),"Unknown",Z57) -> yes | AB57: =PROPER(AA57) -> Yes | AC57: 65 | AD57: =IF(ISBLANK(AC57),AVERAGE(AC57:AC1056),AC57) -> 65
A58: FL250057 | B58: Laura Price | C58: Laura | D58: Price | E58: =CONCATENATE(C58," ",D58) -> Laura Price | F58: =PROPER(E58) -> Laura Price | H58: Female | I58: =PROPER(H58) -> Female | J58: 26 | K58: =IF(ISBLANK(J58),ROUND(AVERAGEIF($I$2:$I$1001,I58,$J$2:$J$1001),0),J58) -> 26 | L58: =IF(AND(K58>=20,K58<=30),"First level",IF(AND(K58>30,K58<=40),"Second level",IF(AND(K58>40,K58<=50),"Third level",IF(H65>50,"Fourth level")))) -> First level | M58: United Kingdom | N58: English | O58: DevOps | P58: 8 | Q58: =IF(ISBLANK(P58),ROUND(AVERAGEIF($L$2:$L$1001,L58,$P$2:$P$1001),0),P58) -> 8 | R58: 50 | S58: 50 | T58: 50 | U58: =IF(ISBLANK(T58),AVERAGE(T57:T1057),T58) -> 50 | V58: 50 | W58: 1.3 | X58: =IF(ISBLANK(W58),AVERAGE(W58:W1057),W58) -> 1.3 | Y58: No | Z58: =CLEAN(TRIM(Y58)) -> No | AA58: =IF(ISBLANK(Z58),"Unknown",Z58) -> No | AB58: =PROPER(AA58) -> No | AC58: 76 | AD58: =IF(ISBLANK(AC58),AVERAGE(AC58:AC1057),AC58) -> 76
A59: FL250058 | B59: Mark Wright | C59: Mark | D59: Wright | E59: =CONCATENATE(C59," ",D59) -> Mark Wright | F59: =PROPER(E59) -> Mark Wright | H59: Male | I59: =PROPER(H59) -> Male | J59: 38 | K59: =IF(ISBLANK(J59),ROUND(AVERAGEIF($I$2:$I$1001,I59,$J$2:$J$1001),0),J59) -> 38 | L59: =IF(AND(K59>=20,K59<=30),"First level",IF(AND(K59>30,K59<=40),"Second level",IF(AND(K59>40,K59<=50),"Third level",IF(H66>50,"Fourth level")))) -> Second level | M59: Canada | N59: English | O59: AI | P59: 17 | Q59: =IF(ISBLANK(P59),ROUND(AVERAGEIF($L$2:$L$1001,L59,$P$2:$P$1001),0),P59) -> 17 | R59: USD 40 | S59: 40 | T59: 40 | U59: =IF(ISBLANK(T59),AVERAGE(T58:T1058),T59) -> 40 | V59: 40 | W59: 4 | X59: =IF(ISBLANK(W59),AVERAGE(W59:W1058),W59) -> 4 | Y59: Yes | Z59: =CLEAN(TRIM(Y59)) -> Yes | AA59: =IF(ISBLANK(Z59),"Unknown",Z59) -> Yes | AB59: =PROPER(AA59) -> Yes | AC59: 90 | AD59: =IF(ISBLANK(AC59),AVERAGE(AC59:AC1058),AC59) -> 90
A60: FL250059 | B60: Samantha Mcdaniel | C60: Samantha | D60: Mcdaniel | E60: =CONCATENATE(C60," ",D60) -> Samantha Mcdaniel | F60: =PROPER(E60) -> Samantha Mcdaniel | H60: FEMALE | I60: =PROPER(H60) -> Female | J60: 23 | K60: =IF(ISBLANK(J60),ROUND(AVERAGEIF($I$2:$I$1001,I60,$J$2:$J$1001),0),J60) -> 23 | L60: =IF(AND(K60>=20,K60<=30),"First level",IF(AND(K60>30,K60<=40),"Second level",IF(AND(K60>40,K60<=50),"Third level",IF(H67>50,"Fourth level")))) -> First level | M60: India | N60: Hindi | O60: Mobile Apps | Q60: =IF(ISBLANK(P60),ROUND(AVERAGEIF($L$2:$L$1001,L60,$P$2:$P$1001),0),P60) -> 3 | R60: 75 | S60: 75 | T60: 75 | U60: =IF(ISBLANK(T60),AVERAGE(T59:T1059),T60) -> 75 | V60: 75 | W60: 3.6 | X60: =IF(ISBLANK(W60),AVERAGE(W60:W1059),W60) -> 3.6 | Y60: Yes | Z60: =CLEAN(TRIM(Y60)) -> Yes | AA60: =IF(ISBLANK(Z60),"Unknown",Z60) -> Yes | AB60: =PROPER(AA60) -> Yes | AC60: 65 | AD60: =IF(ISBLANK(AC60),AVERAGE(AC60:AC1059),AC60) -> 65
A61: FL250060 | B61: Barbara Foster | C61: Barbara | D61: Foster | E61: =CONCATENATE(C61," ",D61) -> Barbara Foster | F61: =PROPER(E61) -> Barbara Foster | H61: Female | I61: =PROPER(H61) -> Female | J61: 51 | K61: =IF(ISBLANK(J61),ROUND(AVERAGEIF($I$2:$I$1001,I61,$J$2:$J$1001),0),J61) -> 51 | L61: =IF(AND(K61>=20,K61<=30),"First level",IF(AND(K61>30,K61<=40),"Second level",IF(AND(K61>40,K61<=50),"Third level",IF(H68>50,"Fourth level")))) -> Fourth level | M61: South Africa | N61: Afrikaans | O61: DevOps | P61: 28 | Q61: =IF(ISBLANK(P61),ROUND(AVERAGEIF($L$2:$L$1001,L61,$P$2:$P$1001),0),P61) -> 28 | R61: 40 | S61: 40 | T61: 40 | U61: =IF(ISBLANK(T61),AVERAGE(T60:T1060),T61) -> 40 | V61: 40 | W61: 3.9 | X61: =IF(ISBLANK(W61),AVERAGE(W61:W1060),W61) -> 3.9 | Y61: No | Z61: =CLEAN(TRIM(Y61)) -> No | AA61: =IF(ISBLANK(Z61),"Unknown",Z61) -> No | AB61: =PROPER(AA61) -> No | AC61: 63 | AD61: =IF(ISBLANK(AC61),AVERAGE(AC61:AC1060),AC61) -> 63
A62: FL250061 | B62: Courtney Tran | C62: Courtney | D62: Tran | E62: =CONCATENATE(C62," ",D62) -> Courtney Tran | F62: =PROPER(E62) -> Courtney Tran | H62: Female | I62: =PROPER(H62) -> Female | J62: 51 | K62: =IF(ISBLANK(J62),ROUND(AVERAGEIF($I$2:$I$1001,I62,$J$2:$J$1001),0),J62) -> 51 | L62: =IF(AND(K62>=20,K62<=30),"First level",IF(AND(K62>30,K62<=40),"Second level",IF(AND(K62>40,K62<=50),"Third level",IF(H69>50,"Fourth level")))) -> Fourth level | M62: Indonesia | N62: Indonesian | O62: AI | P62: 33 | Q62: =IF(ISBLANK(P62),ROUND(AVERAGEIF($L$2:$L$1001,L62,$P$2:$P$1001),0),P62) -> 33 | R62: $75 | S62: $75 | T62: 75 | U62: =IF(ISBLANK(T62),AVERAGE(T61:T1061),T62) -> 75 | V62: 75 | W62: 0 | X62: =IF(ISBLANK(W62),AVERAGE(W62:W1061),W62) -> 0 | Y62: Yes | Z62: =CLEAN(TRIM(Y62)) -> Yes | AA62: =IF(ISBLANK(Z62),"Unknown",Z62) -> Yes | AB62: =PROPER(AA62) -> Yes | AD62: =IF(ISBLANK(AC62),AVERAGE(AC62:AC1061),AC62) -> 79.423969
A63: FL250062 | B63: Eddie Todd | C63: Eddie | D63: Todd | E63: =CONCATENATE(C63," ",D63) -> Eddie Todd | F63: =PROPER(E63) -> Eddie Todd | H63: Male | I63: =PROPER(H63) -> Male | J63: 47 | K63: =IF(ISBLANK(J63),ROUND(AVERAGEIF($I$2:$I$1001,I63,$J$2:$J$1001),0),J63) -> 47 | L63: =IF(AND(K63>=20,K63<=30),"First level",IF(AND(K63>30,K63<=40),"Second level",IF(AND(K63>40,K63<=50),"Third level",IF(H70>50,"Fourth level")))) -> Third level | M63: Germany | N63: German | O63: AI | P63: 18 | Q63: =IF(ISBLANK(P63),ROUND(AVERAGEIF($L$2:$L$1001,L63,$P$2:$P$1001),0),P63) -> 18 | R63: 75 | S63: 75 | T63: 75 | U63: =IF(ISBLANK(T63),AVERAGE(T62:T1062),T63) -> 75 | V63: 75 | W63: 0 | X63: =IF(ISBLANK(W63),AVERAGE(W63:W1062),W63) -> 0 | Y63: No | Z63: =CLEAN(TRIM(Y63)) -> No | AA63: =IF(ISBLANK(Z63),"Unknown",Z63) -> No | AB63: =PROPER(AA63) -> No | AD63: =IF(ISBLANK(AC63),AVERAGE(AC63:AC1062),AC63) -> 79.423969
A64: FL250063 | B64: Christine Johnson | C64: Christine | D64: Johnson | E64: =CONCATENATE(C64," ",D64) -> Christine Johnson | F64: =PROPER(E64) -> Christine Johnson | H64: Female | I64: =PROPER(H64) -> Female | J64: 34 | K64: =IF(ISBLANK(J64),ROUND(AVERAGEIF($I$2:$I$1001,I64,$J$2:$J$1001),0),J64) -> 34 | L64: =IF(AND(K64>=20,K64<=30),"First level",IF(AND(K64>30,K64<=40),"Second level",IF(AND(K64>40,K64<=50),"Third level",IF(H71>50,"Fourth level")))) -> Second level | M64: Russia | N64: Russian | O64: UI/UX Design | P64: 16 | Q64: =IF(ISBLANK(P64),ROUND(AVERAGEIF($L$2:$L$1001,L64,$P$2:$P$1001),0),P64) -> 16 | R64: $20 | S64: $20 | T64: 20 | U64: =IF(ISBLANK(T64),AVERAGE(T63:T1063),T64) -> 20 | V64: 20 | W64: 2.3 | X64: =IF(ISBLANK(W64),AVERAGE(W64:W1063),W64) -> 2.3 | Y64: yes | Z64: =CLEAN(TRIM(Y64)) -> yes | AA64: =IF(ISBLANK(Z64),"Unknown",Z64) -> yes | AB64: =PROPER(AA64) -> Yes | AC64: 93 | AD64: =IF(ISBLANK(AC64),AVERAGE(AC64:AC1063),AC64) -> 93
A65: FL250064 | B65: Leah Phelps | C65: Leah | D65: Phelps | E65: =CONCATENATE(C65," ",D65) -> Leah Phelps | F65: =PROPER(E65) -> Leah Phelps | H65: Female | I65: =PROPER(H65) -> Female | J65: 58 | K65: =IF(ISBLANK(J65),ROUND(AVERAGEIF($I$2:$I$1001,I65,$J$2:$J$1001),0),J65) -> 58 | L65: =IF(AND(K65>=20,K65<=30),"First level",IF(AND(K65>30,K65<=40),"Second level",IF(AND(K65>40,K65<=50),"Third level",IF(H72>50,"Fourth level")))) -> Fourth level | M65: Indonesia | N65: Indonesian | O65: Data Analysis | P65: 35 | Q65: =IF(ISBLANK(P65),ROUND(AVERAGEIF($L$2:$L$1001,L65,$P$2:$P$1001),0),P65) -> 35 | R65: USD 50 | S65: 50 | T65: 50 | U65: =IF(ISBLANK(T65),AVERAGE(T64:T1064),T65) -> 50 | V65: 50 | W65: 4.7 | X65: =IF(ISBLANK(W65),AVERAGE(W65:W1064),W65) -> 4.7 | Y65: no | Z65: =CLEAN(TRIM(Y65)) -> no | AA65: =IF(ISBLANK(Z65),"Unknown",Z65) -> no | AB65: =PROPER(AA65) -> No | AC65: 70 | AD65: =IF(ISBLANK(AC65),AVERAGE(AC65:AC1064),AC65) -> 70
A66: FL250065 | B66: Rebekah Williams | C66: Rebekah | D66: Williams | E66: =CONCATENATE(C66," ",D66) -> Rebekah Williams | F66: =PROPER(E66) -> Rebekah Williams | H66: Female | I66: =PROPER(H66) -> Female | J66: 50 | K66: =IF(ISBLANK(J66),ROUND(AVERAGEIF($I$2:$I$1001,I66,$J$2:$J$1001),0),J66) -> 50 | L66: =IF(AND(K66>=20,K66<=30),"First level",IF(AND(K66>30,K66<=40),"Second level",IF(AND(K66>40,K66<=50),"Third level",IF(H73>50,"Fourth level")))) -> Third level | M66: Russia | N66: Russian | O66: AI | P66: 14 | Q66: =IF(ISBLANK(P66),ROUND(AVERAGEIF($L$2:$L$1001,L66,$P$2:$P$1001),0),P66) -> 14 | U66: =IF(ISBLANK(T66),AVERAGE(T65:T1065),T66) -> 52.620447 | V66: 52.620447 | W66: 3.5 | X66: =IF(ISBLANK(W66),AVERAGE(W66:W1065),W66) -> 3.5 | Y66: Yes | Z66: =CLEAN(TRIM(Y66)) -> Yes | AA66: =IF(ISBLANK(Z66),"Unknown",Z66) -> Yes | AB66: =PROPER(AA66) -> Yes | AC66: 83 | AD66: =IF(ISBLANK(AC66),AVERAGE(AC66:AC1065),AC66) -> 83
A67: FL250066 | B67: Crystal Wilson | C67: Crystal | D67: Wilson | E67: =CONCATENATE(C67," ",D67) -> Crystal Wilson | F67: =PROPER(E67) -> Crystal Wilson | H67: FEMALE | I67: =PROPER(H67) -> Female | J67: 34 | K67: =IF(ISBLANK(J67),ROUND(AVERAGEIF($I$2:$I$1001,I67,$J$2:$J$1001),0),J67) -> 34 | L67: =IF(AND(K67>=20,K67<=30),"First level",IF(AND(K67>30,K67<=40),"Second level",IF(AND(K67>40,K67<=50),"Third level",IF(H74>50,"Fourth level")))) -> Second level | M67: Spain | N67: Spanish | O67: Web Development | P67: 12 | Q67: =IF(ISBLANK(P67),ROUND(AVERAGEIF($L$2:$L$1001,L67,$P$2:$P$1001),0),P67) -> 12 | R67: 40 | S67: 40 | T67: 40 | U67: =IF(ISBLANK(T67),AVERAGE(T66:T1066),T67) -> 40 | V67: 40 | W67: 2.4 | X67: =IF(ISBLANK(W67),AVERAGE(W67:W1066),W67) -> 2.4 | Y67: Yes | Z67: =CLEAN(TRIM(Y67)) -> Yes | AA67: =IF(ISBLANK(Z67),"Unknown",Z67) -> Yes | AB67: =PROPER(AA67) -> Yes | AC67: 64 | AD67: =IF(ISBLANK(AC67),AVERAGE(AC67:AC1066),AC67) -> 64
A68: FL250067 | B68: Ashley Cordova | C68: Ashley | D68: Cordova | E68: =CONCATENATE(C68," ",D68) -> Ashley Cordova | F68: =PROPER(E68) -> Ashley Cordova | H68: Female | I68: =PROPER(H68) -> Female | J68: 45 | K68: =IF(ISBLANK(J68),ROUND(AVERAGEIF($I$2:$I$1001,I68,$J$2:$J$1001),0),J68) -> 45 | L68: =IF(AND(K68>=20,K68<=30),"First level",IF(AND(K68>30,K68<=40),"Second level",IF(AND(K68>40,K68<=50),"Third level",IF(H75>50,"Fourth level")))) -> Third level | M68: Brazil | N68: Portuguese | O68: AI | P68: 11 | Q68: =IF(ISBLANK(P68),ROUND(AVERAGEIF($L$2:$L$1001,L68,$P$2:$P$1001),0),P68) -> 11 | R68: USD 75 | S68: 75 | T68: 75 | U68: =IF(ISBLANK(T68),AVERAGE(T67:T1067),T68) -> 75 | V68: 75 | W68: 4 | X68: =IF(ISBLANK(W68),AVERAGE(W68:W1067),W68) -> 4 | Y68: No | Z68: =CLEAN(TRIM(Y68)) -> No | AA68: =IF(ISBLANK(Z68),"Unknown",Z68) -> No | AB68: =PROPER(AA68) -> No | AC68: 100 | AD68: =IF(ISBLANK(AC68),AVERAGE(AC68:AC1067),AC68) -> 100
A69: FL250068 | B69: Vicki Kelly | C69: Vicki | D69: Kelly | E69: =CONCATENATE(C69," ",D69) -> Vicki Kelly | F69: =PROPER(E69) -> Vicki Kelly | H69: FEMALE | I69: =PROPER(H69) -> Female | J69: 55 | K69: =IF(ISBLANK(J69),ROUND(AVERAGEIF($I$2:$I$1001,I69,$J$2:$J$1001),0),J69) -> 55 | L69: =IF(AND(K69>=20,K69<=30),"First level",IF(AND(K69>30,K69<=40),"Second level",IF(AND(K69>40,K69<=50),"Third level",IF(H76>50,"Fourth level")))) -> Fourth level | M69: Brazil | N69: Portuguese | O69: Web Development | P69: 0 | Q69: =IF(ISBLANK(P69),ROUND(AVERAGEIF($L$2:$L$1001,L69,$P$2:$P$1001),0),P69) -> 0 | R69: $40 | S69: $40 | T69: 40 | U69: =IF(ISBLANK(T69),AVERAGE(T68:T1068),T69) -> 40 | V69: 40 | W69: 0 | X69: =IF(ISBLANK(W69),AVERAGE(W69:W1068),W69) -> 0 | Y69: Yes | Z69: =CLEAN(TRIM(Y69)) -> Yes | AA69: =IF(ISBLANK(Z69),"Unknown",Z69) -> Yes | AB69: =PROPER(AA69) -> Yes | AD69: =IF(ISBLANK(AC69),AVERAGE(AC69:AC1068),AC69) -> 79.407263
A70: FL250069 | B70: Corey Warren | C70: Corey | D70: Warren | E70: =CONCATENATE(C70," ",D70) -> Corey Warren | F70: =PROPER(E70) -> Corey Warren | H70: Male | I70: =PROPER(H70) -> Male | K70: =IF(ISBLANK(J70),ROUND(AVERAGEIF($I$2:$I$1001,I70,$J$2:$J$1001),0),J70) -> 41 | L70: =IF(AND(K70>=20,K70<=30),"First level",IF(AND(K70>30,K70<=40),"Second level",IF(AND(K70>40,K70<=50),"Third level",IF(H77>50,"Fourth level")))) -> Third level | M70: Argentina | N70: Spanish | O70: UI/UX Design | P70: 6 | Q70: =IF(ISBLANK(P70),ROUND(AVERAGEIF($L$2:$L$1001,L70,$P$2:$P$1001),0),P70) -> 6 | R70: 100 | S70: 100 | T70: 100 | U70: =IF(ISBLANK(T70),AVERAGE(T69:T1069),T70) -> 100 | V70: 100 | W70: 1.5 | X70: =IF(ISBLANK(W70),AVERAGE(W70:W1069),W70) -> 1.5 | Y70: No | Z70: =CLEAN(TRIM(Y70)) -> No | AA70: =IF(ISBLANK(Z70),"Unknown",Z70) -> No | AB70: =PROPER(AA70) -> No | AD70: =IF(ISBLANK(AC70),AVERAGE(AC70:AC1069),AC70) -> 79.407263
A71: FL250070 | B71: Gina Thompson | C71: Gina | D71: Thompson | E71: =CONCATENATE(C71," ",D71) -> Gina Thompson | F71: =PROPER(E71) -> Gina Thompson | H71: FEMALE | I71: =PROPER(H71) -> Female | J71: 60 | K71: =IF(ISBLANK(J71),ROUND(AVERAGEIF($I$2:$I$1001,I71,$J$2:$J$1001),0),J71) -> 60 | L71: =IF(AND(K71>=20,K71<=30),"First level",IF(AND(K71>30,K71<=40),"Second level",IF(AND(K71>40,K71<=50),"Third level",IF(H78>50,"Fourth level")))) -> Fourth level | M71: China | N71: Mandarin | O71: UI/UX Design | P71: 38 | Q71: =IF(ISBLANK(P71),ROUND(AVERAGEIF($L$2:$L$1001,L71,$P$2:$P$1001),0),P71) -> 38 | R71: $20 | S71: $20 | T71: 20 | U71: =IF(ISBLANK(T71),AVERAGE(T70:T1070),T71) -> 20 | V71: 20 | W71: 2 | X71: =IF(ISBLANK(W71),AVERAGE(W71:W1070),W71) -> 2 | Y71: no | Z71: =CLEAN(TRIM(Y71)) -> no | AA71: =IF(ISBLANK(Z71),"Unknown",Z71) -> no | AB71: =PROPER(AA71) -> No | AC71: 71 | AD71: =IF(ISBLANK(AC71),AVERAGE(AC71:AC1070),AC71) -> 71
A72: FL250071 | B72: Yvonne Berg | C72: Yvonne | D72: Berg | E72: =CONCATENATE(C72," ",D72) -> Yvonne Berg | F72: =PROPER(E72) -> Yvonne Berg | H72: Female | I72: =PROPER(H72) -> Female | J72: 33 | K72: =IF(ISBLANK(J72),ROUND(AVERAGEIF($I$2:$I$1001,I72,$J$2:$J$1001),0),J72) -> 33 | L72: =IF(AND(K72>=20,K72<=30),"First level",IF(AND(K72>30,K72<=40),"Second level",IF(AND(K72>40,K72<=50),"Third level",IF(H79>50,"Fourth level")))) -> Second level | M72: South Africa | N72: Afrikaans | O72: Mobile Apps | P72: 11 | Q72: =IF(ISBLANK(P72),ROUND(AVERAGEIF($L$2:$L$1001,L72,$P$2:$P$1001),0),P72) -> 11 | U72: =IF(ISBLANK(T72),AVERAGE(T71:T1071),T72) -> 52.570922 | V72: 52.570922 | X72: =IF(ISBLANK(W72),AVERAGE(W72:W1071),W72) -> 2.525988 | Y72: yes | Z72: =CLEAN(TRIM(Y72)) -> yes | AA72: =IF(ISBLANK(Z72),"Unknown",Z72) -> yes | AB72: =PROPER(AA72) -> Yes | AC72: 84 | AD72: =IF(ISBLANK(AC72),AVERAGE(AC72:AC1071),AC72) -> 84
A73: FL250072 | B73: Thomas Miller | C73: Thomas | D73: Miller | E73: =CONCATENATE(C73," ",D73) -> Thomas Miller | F73: =PROPER(E73) -> Thomas Miller | H73: Male | I73: =PROPER(H73) -> Male | J73: 60 | K73: =IF(ISBLANK(J73),ROUND(AVERAGEIF($I$2:$I$1001,I73,$J$2:$J$1001),0),J73) -> 60 | L73: =IF(AND(K73>=20,K73<=30),"First level",IF(AND(K73>30,K73<=40),"Second level",IF(AND(K73>40,K73<=50),"Third level",IF(H80>50,"Fourth level")))) -> Fourth level | M73: Italy | N73: Italian | O73: DevOps | P73: 13 | Q73: =IF(ISBLANK(P73),ROUND(AVERAGEIF($L$2:$L$1001,L73,$P$2:$P$1001),0),P73) -> 13 | R73: USD 50 | S73: 50 | T73: 50 | U73: =IF(ISBLANK(T73),AVERAGE(T72:T1072),T73) -> 50 | V73: 50 | W73: 1 | X73: =IF(ISBLANK(W73),AVERAGE(W73:W1072),W73) -> 1 | Y73: No | Z73: =CLEAN(TRIM(Y73)) -> No | AA73: =IF(ISBLANK(Z73),"Unknown",Z73) -> No | AB73: =PROPER(AA73) -> No | AD73: =IF(ISBLANK(AC73),AVERAGE(AC73:AC1072),AC73) -> 79.412224
A74: FL250073 | B74: Nicholas Burton | C74: Nicholas | D74: Burton | E74: =CONCATENATE(C74," ",D74) -> Nicholas Burton | F74: =PROPER(E74) -> Nicholas Burton | H74: MALE | I74: =PROPER(H74) -> Male | J74: 40 | K74: =IF(ISBLANK(J74),ROUND(AVERAGEIF($I$2:$I$1001,I74,$J$2:$J$1001),0),J74) -> 40 | L74: =IF(AND(K74>=20,K74<=30),"First level",IF(AND(K74>30,K74<=40),"Second level",IF(AND(K74>40,K74<=50),"Third level",IF(H81>50,"Fourth level")))) -> Second level | M74: United States | N74: English | O74: Web Development | P74: 9 | Q74: =IF(ISBLANK(P74),ROUND(AVERAGEIF($L$2:$L$1001,L74,$P$2:$P$1001),0),P74) -> 9 | R74: $100 | S74: 100 | T74: 100 | U74: =IF(ISBLANK(T74),AVERAGE(T73:T1073),T74) -> 100 | V74: 100 | W74: 4.5 | X74: =IF(ISBLANK(W74),AVERAGE(W74:W1073),W74) -> 4.5 | Y74: yes | Z74: =CLEAN(TRIM(Y74)) -> yes | AA74: =IF(ISBLANK(Z74),"Unknown",Z74) -> yes | AB74: =PROPER(AA74) -> Yes | AC74: 69 | AD74: =IF(ISBLANK(AC74),AVERAGE(AC74:AC1073),AC74) -> 69
A75: FL250074 | B75: Jorge Riley | C75: Jorge | D75: Riley | E75: =CONCATENATE(C75," ",D75) -> Jorge Riley | F75: =PROPER(E75) -> Jorge Riley | H75: Male | I75: =PROPER(H75) -> Male | J75: 59 | K75: =IF(ISBLANK(J75),ROUND(AVERAGEIF($I$2:$I$1001,I75,$J$2:$J$1001),0),J75) -> 59 | L75: =IF(AND(K75>=20,K75<=30),"First level",IF(AND(K75>30,K75<=40),"Second level",IF(AND(K75>40,K75<=50),"Third level",IF(H82>50,"Fourth level")))) -> Fourth level | M75: Australia | N75: English | O75: Blockchain Development | P75: 4 | Q75: =IF(ISBLANK(P75),ROUND(AVERAGEIF($L$2:$L$1001,L75,$P$2:$P$1001),0),P75) -> 4 | U75: =IF(ISBLANK(T75),AVERAGE(T74:T1074),T75) -> 52.612559 | V75: 52.612559 | W75: 1.9 | X75: =IF(ISBLANK(W75),AVERAGE(W75:W1074),W75) -> 1.9 | Y75: No | Z75: =CLEAN(TRIM(Y75)) -> No | AA75: =IF(ISBLANK(Z75),"Unknown",Z75) -> No | AB75: =PROPER(AA75) -> No | AC75: 88 | AD75: =IF(ISBLANK(AC75),AVERAGE(AC75:AC1074),AC75) -> 88
A76: FL250075 | B76: Melvin Harris | C76: Melvin | D76: Harris | E76: =CONCATENATE(C76," ",D76) -> Melvin Harris | F76: =PROPER(E76) -> Melvin Harris | H76: Male | I76: =PROPER(H76) -> Male | J76: 36 | K76: =IF(ISBLANK(J76),ROUND(AVERAGEIF($I$2:$I$1001,I76,$J$2:$J$1001),0),J76) -> 36 | L76: =IF(AND(K76>=20,K76<=30),"First level",IF(AND(K76>30,K76<=40),"Second level",IF(AND(K76>40,K76<=50),"Third level",IF(H83>50,"Fourth level")))) -> Second level | M76: Italy | N76: Italian | O76: Machine Learning | P76: 14 | Q76: =IF(ISBLANK(P76),ROUND(AVERAGEIF($L$2:$L$1001,L76,$P$2:$P$1001),0),P76) -> 14 | R76: $100 | S76: 100 | T76: 100 | U76: =IF(ISBLANK(T76),AVERAGE(T75:T1075),T76) -> 100 | V76: 100 | W76: 3.7 | X76: =IF(ISBLANK(W76),AVERAGE(W76:W1075),W76) -> 3.7 | Y76: No | Z76: =CLEAN(TRIM(Y76)) -> No | AA76: =IF(ISBLANK(Z76),"Unknown",Z76) -> No | AB76: =PROPER(AA76) -> No | AD76: =IF(ISBLANK(AC76),AVERAGE(AC76:AC1075),AC76) -> 79.414602
A77: FL250076 | B77: Jeremy Meyer | C77: Jeremy | D77: Meyer | E77: =CONCATENATE(C77," ",D77) -> Jeremy Meyer | F77: =PROPER(E77) -> Jeremy Meyer | H77: Male | I77: =PROPER(H77) -> Male | J77: 32 | K77: =IF(ISBLANK(J77),ROUND(AVERAGEIF($I$2:$I$1001,I77,$J$2:$J$1001),0),J77) -> 32 | L77: =IF(AND(K77>=20,K77<=30),"First level",IF(AND(K77>30,K77<=40),"Second level",IF(AND(K77>40,K77<=50),"Third level",IF(H84>50,"Fourth level")))) -> Second level | M77: India | N77: Hindi | O77: Data Analysis | Q77: =IF(ISBLANK(P77),ROUND(AVERAGEIF($L$2:$L$1001,L77,$P$2:$P$1001),0),P77) -> 9 | R77: 30 | S77: 30 | T77: 30 | U77: =IF(ISBLANK(T77),AVERAGE(T76:T1076),T77) -> 30 | V77: 30 | W77: 1.9 | X77: =IF(ISBLANK(W77),AVERAGE(W77:W1076),W77) -> 1.9 | Y77: Yes | Z77: =CLEAN(TRIM(Y77)) -> Yes | AA77: =IF(ISBLANK(Z77),"Unknown",Z77) -> Yes | AB77: =PROPER(AA77) -> Yes | AC77: 96 | AD77: =IF(ISBLANK(AC77),AVERAGE(AC77:AC1076),AC77) -> 96
A78: FL250077 | B78: Timothy Lee | C78: Timothy | D78: Lee | E78: =CONCATENATE(C78," ",D78) -> Timothy Lee | F78: =PROPER(E78) -> Timothy Lee | H78: male | I78: =PROPER(H78) -> Male | J78: 59 | K78: =IF(ISBLANK(J78),ROUND(AVERAGEIF($I$2:$I$1001,I78,$J$2:$J$1001),0),J78) -> 59 | L78: =IF(AND(K78>=20,K78<=30),"First level",IF(AND(K78>30,K78<=40),"Second level",IF(AND(K78>40,K78<=50),"Third level",IF(H85>50,"Fourth level")))) -> Fourth level | M78: Australia | N78: English | O78: AI | P78: 9 | Q78: =IF(ISBLANK(P78),ROUND(AVERAGEIF($L$2:$L$1001,L78,$P$2:$P$1001),0),P78) -> 9 | R78: USD 75 | S78: 75 | T78: 75 | U78: =IF(ISBLANK(T78),AVERAGE(T77:T1077),T78) -> 75 | V78: 75 | W78: 4 | X78: =IF(ISBLANK(W78),AVERAGE(W78:W1077),W78) -> 4 | Y78: Yes | Z78: =CLEAN(TRIM(Y78)) -> Yes | AA78: =IF(ISBLANK(Z78),"Unknown",Z78) -> Yes | AB78: =PROPER(AA78) -> Yes | AC78: 96 | AD78: =IF(ISBLANK(AC78),AVERAGE(AC78:AC1077),AC78) -> 96
A79: FL250078 | B79: Diana Bautista | C79: Diana | D79: Bautista | E79: =CONCATENATE(C79," ",D79) -> Diana Bautista | F79: =PROPER(E79) -> Diana Bautista | H79: Female | I79: =PROPER(H79) -> Female | J79: 54 | K79: =IF(ISBLANK(J79),ROUND(AVERAGEIF($I$2:$I$1001,I79,$J$2:$J$1001),0),J79) -> 54 | L79: =IF(AND(K79>=20,K79<=30),"First level",IF(AND(K79>30,K79<=40),"Second level",IF(AND(K79>40,K79<=50),"Third level",IF(H86>50,"Fourth level")))) -> Fourth level | M79: Spain | N79: Spanish | O79: DevOps | P79: 32 | Q79: =IF(ISBLANK(P79),ROUND(AVERAGEIF($L$2:$L$1001,L79,$P$2:$P$1001),0),P79) -> 32 | R79: USD 40 | S79: 40 | T79: 40 | U79: =IF(ISBLANK(T79),AVERAGE(T78:T1078),T79) -> 40 | V79: 40 | W79: 1.8 | X79: =IF(ISBLANK(W79),AVERAGE(W79:W1078),W79) -> 1.8 | Y79: No | Z79: =CLEAN(TRIM(Y79)) -> No | AA79: =IF(ISBLANK(Z79),"Unknown",Z79) -> No | AB79: =PROPER(AA79) -> No | AD79: =IF(ISBLANK(AC79),AVERAGE(AC79:AC1078),AC79) -> 79.371242
A80: FL250079 | B80: Leslie Rodriguez | C80: Leslie | D80: Rodriguez | E80: =CONCATENATE(C80," ",D80) -> Leslie Rodriguez | F80: =PROPER(E80) -> Leslie Rodriguez | H80: Female | I80: =PROPER(H80) -> Female | J80: 37 | K80: =IF(ISBLANK(J80),ROUND(AVERAGEIF($I$2:$I$1001,I80,$J$2:$J$1001),0),J80) -> 37 | L80: =IF(AND(K80>=20,K80<=30),"First level",IF(AND(K80>30,K80<=40),"Second level",IF(AND(K80>40,K80<=50),"Third level",IF(H87>50,"Fourth level")))) -> Second level | M80: Canada | N80: English | O80: Graphic Design | P80: 9 | Q80: =IF(ISBLANK(P80),ROUND(AVERAGEIF($L$2:$L$1001,L80,$P$2:$P$1001),0),P80) -> 9 | U80: =IF(ISBLANK(T80),AVERAGE(T79:T1079),T80) -> 52.5 | V80: 52.5 | W80: 0 | X80: =IF(ISBLANK(W80),AVERAGE(W80:W1079),W80) -> 0 | Y80: Yes | Z80: =CLEAN(TRIM(Y80)) -> Yes | AA80: =IF(ISBLANK(Z80),"Unknown",Z80) -> Yes | AB80: =PROPER(AA80) -> Yes | AC80: 89 | AD80: =IF(ISBLANK(AC80),AVERAGE(AC80:AC1079),AC80) -> 89
A81: FL250080 | B81: Noah Wiggins | C81: Noah | D81: Wiggins | E81: =CONCATENATE(C81," ",D81) -> Noah Wiggins | F81: =PROPER(E81) -> Noah Wiggins | H81: MALE | I81: =PROPER(H81) -> Male | J81: 54 | K81: =IF(ISBLANK(J81),ROUND(AVERAGEIF($I$2:$I$1001,I81,$J$2:$J$1001),0),J81) -> 54 | L81: =IF(AND(K81>=20,K81<=30),"First level",IF(AND(K81>30,K81<=40),"Second level",IF(AND(K81>40,K81<=50),"Third level",IF(H88>50,"Fourth level")))) -> Fourth level | M81: India | N81: Hindi | O81: Machine Learning | P81: 21 | Q81: =IF(ISBLANK(P81),ROUND(AVERAGEIF($L$2:$L$1001,L81,$P$2:$P$1001),0),P81) -> 21 | R81: $100 | S81: 100 | T81: 100 | U81: =IF(ISBLANK(T81),AVERAGE(T80:T1080),T81) -> 100 | V81: 100 | W81: 4.6 | X81: =IF(ISBLANK(W81),AVERAGE(W81:W1080),W81) -> 4.6 | Y81: No | Z81: =CLEAN(TRIM(Y81)) -> No | AA81: =IF(ISBLANK(Z81),"Unknown",Z81) -> No | AB81: =PROPER(AA81) -> No | AD81: =IF(ISBLANK(AC81),AVERAGE(AC81:AC1080),AC81) -> 79.358639
A82: FL250081 | B82: Bridget Williams | C82: Bridget | D82: Williams | E82: =CONCATENATE(C82," ",D82) -> Bridget Williams | F82: =PROPER(E82) -> Bridget Williams | H82: Female | I82: =PROPER(H82) -> Female | J82: 33 | K82: =IF(ISBLANK(J82),ROUND(AVERAGEIF($I$2:$I$1001,I82,$J$2:$J$1001),0),J82) -> 33 | L82: =IF(AND(K82>=20,K82<=30),"First level",IF(AND(K82>30,K82<=40),"Second level",IF(AND(K82>40,K82<=50),"Third level",IF(H89>50,"Fourth level")))) -> Second level | M82: Argentina | N82: Spanish | O82: UI/UX Design | P82: 12 | Q82: =IF(ISBLANK(P82),ROUND(AVERAGEIF($L$2:$L$1001,L82,$P$2:$P$1001),0),P82) -> 12 | R82: 100 | S82: 100 | T82: 100 | U82: =IF(ISBLANK(T82),AVERAGE(T81:T1081),T82) -> 100 | V82: 100 | W82: 3.6 | X82: =IF(ISBLANK(W82),AVERAGE(W82:W1081),W82) -> 3.6 | Y82: No | Z82: =CLEAN(TRIM(Y82)) -> No | AA82: =IF(ISBLANK(Z82),"Unknown",Z82) -> No | AB82: =PROPER(AA82) -> No | AC82: 63 | AD82: =IF(ISBLANK(AC82),AVERAGE(AC82:AC1081),AC82) -> 63
A83: FL250082 | B83: Veronica Baker | C83: Veronica | D83: Baker | E83: =CONCATENATE(C83," ",D83) -> Veronica Baker | F83: =PROPER(E83) -> Veronica Baker | H83: Female | I83: =PROPER(H83) -> Female | J83: 25 | K83: =IF(ISBLANK(J83),ROUND(AVERAGEIF($I$2:$I$1001,I83,$J$2:$J$1001),0),J83) -> 25 | L83: =IF(AND(K83>=20,K83<=30),"First level",IF(AND(K83>30,K83<=40),"Second level",IF(AND(K83>40,K83<=50),"Third level",IF(H90>50,"Fourth level")))) -> First level | M83: Egypt | N83: Arabic | O83: Web Development | P83: 7 | Q83: =IF(ISBLANK(P83),ROUND(AVERAGEIF($L$2:$L$1001,L83,$P$2:$P$1001),0),P83) -> 7 | R83: USD 40 | S83: 40 | T83: 40 | U83: =IF(ISBLANK(T83),AVERAGE(T82:T1082),T83) -> 40 | V83: 40 | W83: 4.4 | X83: =IF(ISBLANK(W83),AVERAGE(W83:W1082),W83) -> 4.4 | AA83: =IF(ISBLANK(Z83),"Unknown",Z83) -> Unknown | AB83: =PROPER(AA83) -> Unknown | AC83: 81 | AD83: =IF(ISBLANK(AC83),AVERAGE(AC83:AC1082),AC83) -> 81
A84: FL250083 | B84: Andrew Avila | C84: Andrew | D84: Avila | E84: =CONCATENATE(C84," ",D84) -> Andrew Avila | F84: =PROPER(E84) -> Andrew Avila | H84: Male | I84: =PROPER(H84) -> Male | K84: =IF(ISBLANK(J84),ROUND(AVERAGEIF($I$2:$I$1001,I84,$J$2:$J$1001),0),J84) -> 41 | L84: =IF(AND(K84>=20,K84<=30),"First level",IF(AND(K84>30,K84<=40),"Second level",IF(AND(K84>40,K84<=50),"Third level",IF(H91>50,"Fourth level")))) -> Third level | M84: China | N84: Mandarin | O84: DevOps | P84: 3 | Q84: =IF(ISBLANK(P84),ROUND(AVERAGEIF($L$2:$L$1001,L84,$P$2:$P$1001),0),P84) -> 3 | R84: 40 | S84: 40 | T84: 40 | U84: =IF(ISBLANK(T84),AVERAGE(T83:T1083),T84) -> 40 | V84: 40 | W84: 4.6 | X84: =IF(ISBLANK(W84),AVERAGE(W84:W1083),W84) -> 4.6 | Y84: No | Z84: =CLEAN(Y84) -> No | AA84: =IF(ISBLANK(Z84),"Unknown",Z84) -> No | AB84: =PROPER(AA84) -> No | AC84: 74 | AD84: =IF(ISBLANK(AC84),AVERAGE(AC84:AC1083),AC84) -> 74
A85: FL250084 | B85: Michael Roberson | C85: Michael | D85: Roberson | E85: =CONCATENATE(C85," ",D85) -> Michael Roberson | F85: =PROPER(E85) -> Michael Roberson | H85: male | I85: =PROPER(H85) -> Male | J85: 35 | K85: =IF(ISBLANK(J85),ROUND(AVERAGEIF($I$2:$I$1001,I85,$J$2:$J$1001),0),J85) -> 35 | L85: =IF(AND(K85>=20,K85<=30),"First level",IF(AND(K85>30,K85<=40),"Second level",IF(AND(K85>40,K85<=50),"Third level",IF(H92>50,"Fourth level")))) -> Second level | M85: South Korea | N85: Korean | O85: Web Development | P85: 5 | Q85: =IF(ISBLANK(P85),ROUND(AVERAGEIF($L$2:$L$1001,L85,$P$2:$P$1001),0),P85) -> 5 | R85: $75 | S85: $75 | T85: 75 | U85: =IF(ISBLANK(T85),AVERAGE(T84:T1084),T85) -> 75 | V85: 75 | W85: 3.2 | X85: =IF(ISBLANK(W85),AVERAGE(W85:W1084),W85) -> 3.2 | Y85: No | Z85: =CLEAN(Y85) -> No | AA85: =IF(ISBLANK(Z85),"Unknown",Z85) -> No | AB85: =PROPER(AA85) -> No | AC85: 72 | AD85: =IF(ISBLANK(AC85),AVERAGE(AC85:AC1084),AC85) -> 72
A86: FL250085 | B86: Austin Jenkins | C86: Austin | D86: Jenkins | E86: =CONCATENATE(C86," ",D86) -> Austin Jenkins | F86: =PROPER(E86) -> Austin Jenkins | H86: Male | I86: =PROPER(H86) -> Male | J86: 59 | K86: =IF(ISBLANK(J86),ROUND(AVERAGEIF($I$2:$I$1001,I86,$J$2:$J$1001),0),J86) -> 59 | L86: =IF(AND(K86>=20,K86<=30),"First level",IF(AND(K86>30,K86<=40),"Second level",IF(AND(K86>40,K86<=50),"Third level",IF(H93>50,"Fourth level")))) -> Fourth level | M86: South Korea | N86: Korean | O86: AI | P86: 30 | Q86: =IF(ISBLANK(P86),ROUND(AVERAGEIF($L$2:$L$1001,L86,$P$2:$P$1001),0),P86) -> 30 | R86: $40 | S86: $40 | T86: 40 | U86: =IF(ISBLANK(T86),AVERAGE(T85:T1085),T86) -> 40 | V86: 40 | W86: 0 | X86: =IF(ISBLANK(W86),AVERAGE(W86:W1085),W86) -> 0 | Y86: Yes | Z86: =CLEAN(Y86) -> Yes | AA86: =IF(ISBLANK(Z86),"Unknown",Z86) -> Yes | AB86: =PROPER(AA86) -> Yes | AD86: =IF(ISBLANK(AC86),AVERAGE(AC86:AC1085),AC86) -> 79.394737
A87: FL250086 | B87: Brenda Green | C87: Brenda | D87: Green | E87: =CONCATENATE(C87," ",D87) -> Brenda Green | F87: =PROPER(E87) -> Brenda Green | H87: female | I87: =PROPER(H87) -> Female | J87: 21 | K87: =IF(ISBLANK(J87),ROUND(AVERAGEIF($I$2:$I$1001,I87,$J$2:$J$1001),0),J87) -> 21 | L87: =IF(AND(K87>=20,K87<=30),"First level",IF(AND(K87>30,K87<=40),"Second level",IF(AND(K87>40,K87<=50),"Third level",IF(H94>50,"Fourth level")))) -> First level | M87: China | N87: Mandarin | O87: DevOps | P87: 2 | Q87: =IF(ISBLANK(P87),ROUND(AVERAGEIF($L$2:$L$1001,L87,$P$2:$P$1001),0),P87) -> 2 | R87: 100 | S87: 100 | T87: 100 | U87: =IF(ISBLANK(T87),AVERAGE(T86:T1086),T87) -> 100 | V87: 100 | W87: 2.6 | X87: =IF(ISBLANK(W87),AVERAGE(W87:W1086),W87) -> 2.6 | Y87: Yes | Z87: =CLEAN(Y87) -> Yes | AA87: =IF(ISBLANK(Z87),"Unknown",Z87) -> Yes | AB87: =PROPER(AA87) -> Yes | AC87: 85 | AD87: =IF(ISBLANK(AC87),AVERAGE(AC87:AC1086),AC87) -> 85
A88: FL250087 | B88: Samuel Pierce | C88: Samuel | D88: Pierce | E88: =CONCATENATE(C88," ",D88) -> Samuel Pierce | F88: =PROPER(E88) -> Samuel Pierce | H88: Male | I88: =PROPER(H88) -> Male | J88: 25 | K88: =IF(ISBLANK(J88),ROUND(AVERAGEIF($I$2:$I$1001,I88,$J$2:$J$1001),0),J88) -> 25 | L88: =IF(AND(K88>=20,K88<=30),"First level",IF(AND(K88>30,K88<=40),"Second level",IF(AND(K88>40,K88<=50),"Third level",IF(H95>50,"Fourth level")))) -> First level | M88: United States | N88: English | O88: Mobile Apps | P88: 2 | Q88: =IF(ISBLANK(P88),ROUND(AVERAGEIF($L$2:$L$1001,L88,$P$2:$P$1001),0),P88) -> 2 | R88: $75 | S88: $75 | T88: 75 | U88: =IF(ISBLANK(T88),AVERAGE(T87:T1087),T88) -> 75 | V88: 75 | W88: 3.7 | X88: =IF(ISBLANK(W88),AVERAGE(W88:W1087),W88) -> 3.7 | Y88: No | Z88: =CLEAN(Y88) -> No | AA88: =IF(ISBLANK(Z88),"Unknown",Z88) -> No | AB88: =PROPER(AA88) -> No | AD88: =IF(ISBLANK(AC88),AVERAGE(AC88:AC1087),AC88) -> 79.387352
A89: FL250088 | B89: Briana Smith | C89: Briana | D89: Smith | E89: =CONCATENATE(C89," ",D89) -> Briana Smith | F89: =PROPER(E89) -> Briana Smith | H89: Female | I89: =PROPER(H89) -> Female | J89: 38 | K89: =IF(ISBLANK(J89),ROUND(AVERAGEIF($I$2:$I$1001,I89,$J$2:$J$1001),0),J89) -> 38 | L89: =IF(AND(K89>=20,K89<=30),"First level",IF(AND(K89>30,K89<=40),"Second level",IF(AND(K89>40,K89<=50),"Third level",IF(H96>50,"Fourth level")))) -> Second level | M89: Mexico | N89: Spanish | O89: Web Development | P89: 19 | Q89: =IF(ISBLANK(P89),ROUND(AVERAGEIF($L$2:$L$1001,L89,$P$2:$P$1001),0),P89) -> 19 | R89: 75 | S89: 75 | T89: 75 | U89: =IF(ISBLANK(T89),AVERAGE(T88:T1088),T89) -> 75 | V89: 75 | W89: 2.3 | X89: =IF(ISBLANK(W89),AVERAGE(W89:W1088),W89) -> 2.3 | Y89: No | Z89: =CLEAN(Y89) -> No | AA89: =IF(ISBLANK(Z89),"Unknown",Z89) -> No | AB89: =PROPER(AA89) -> No | AC89: 61 | AD89: =IF(ISBLANK(AC89),AVERAGE(AC89:AC1088),AC89) -> 61
A90: FL250089 | B90: Ronald Barrett | C90: Ronald | D90: Barrett | E90: =CONCATENATE(C90," ",D90) -> Ronald Barrett | F90: =PROPER(E90) -> Ronald Barrett | H90: Male | I90: =PROPER(H90) -> Male | J90: 57 | K90: =IF(ISBLANK(J90),ROUND(AVERAGEIF($I$2:$I$1001,I90,$J$2:$J$1001),0),J90) -> 57 | L90: =IF(AND(K90>=20,K90<=30),"First level",IF(AND(K90>30,K90<=40),"Second level",IF(AND(K90>40,K90<=50),"Third level",IF(H97>50,"Fourth level")))) -> Fourth level | M90: Russia | N90: Russian | O90: AI | P90: 16 | Q90: =IF(ISBLANK(P90),ROUND(AVERAGEIF($L$2:$L$1001,L90,$P$2:$P$1001),0),P90) -> 16 | R90: 100 | S90: 100 | T90: 100 | U90: =IF(ISBLANK(T90),AVERAGE(T89:T1089),T90) -> 100 | V90: 100 | W90: 3.1 | X90: =IF(ISBLANK(W90),AVERAGE(W90:W1089),W90) -> 3.1 | Y90: No | Z90: =CLEAN(Y90) -> No | AA90: =IF(ISBLANK(Z90),"Unknown",Z90) -> No | AB90: =PROPER(AA90) -> No | AD90: =IF(ISBLANK(AC90),AVERAGE(AC90:AC1089),AC90) -> 79.411609
A91: FL250090 | B91: Matthew Smith | C91: Matthew | D91: Smith | E91: =CONCATENATE(C91," ",D91) -> Matthew Smith | F91: =PROPER(E91) -> Matthew Smith | H91: Male | I91: =PROPER(H91) -> Male | J91: 32 | K91: =IF(ISBLANK(J91),ROUND(AVERAGEIF($I$2:$I$1001,I91,$J$2:$J$1001),0),J91) -> 32 | L91: =IF(AND(K91>=20,K91<=30),"First level",IF(AND(K91>30,K91<=40),"Second level",IF(AND(K91>40,K91<=50),"Third level",IF(H98>50,"Fourth level")))) -> Second level | M91: India | N91: Hindi | O91: Mobile Apps | P91: 10 | Q91: =IF(ISBLANK(P91),ROUND(AVERAGEIF($L$2:$L$1001,L91,$P$2:$P$1001),0),P91) -> 10 | R91: $20 | S91: $20 | T91: 20 | U91: =IF(ISBLANK(T91),AVERAGE(T90:T1090),T91) -> 20 | V91: 20 | W91: 2.4 | X91: =IF(ISBLANK(W91),AVERAGE(W91:W1090),W91) -> 2.4 | Y91: No | Z91: =CLEAN(Y91) -> No | AA91: =IF(ISBLANK(Z91),"Unknown",Z91) -> No | AB91: =PROPER(AA91) -> No | AC91: 86 | AD91: =IF(ISBLANK(AC91),AVERAGE(AC91:AC1090),AC91) -> 86
A92: FL250091 | B92: Logan Huang | C92: Logan | D92: Huang | E92: =CONCATENATE(C92," ",D92) -> Logan Huang | F92: =PROPER(E92) -> Logan Huang | H92: male | I92: =PROPER(H92) -> Male | J92: 21 | K92: =IF(ISBLANK(J92),ROUND(AVERAGEIF($I$2:$I$1001,I92,$J$2:$J$1001),0),J92) -> 21 | L92: =IF(AND(K92>=20,K92<=30),"First level",IF(AND(K92>30,K92<=40),"Second level",IF(AND(K92>40,K92<=50),"Third level",IF(H99>50,"Fourth level")))) -> First level | M92: Italy | N92: Italian | O92: DevOps | P92: 2 | Q92: =IF(ISBLANK(P92),ROUND(AVERAGEIF($L$2:$L$1001,L92,$P$2:$P$1001),0),P92) -> 2 | R92: USD 100 | S92: 100 | T92: 100 | U92: =IF(ISBLANK(T92),AVERAGE(T91:T1091),T92) -> 100 | V92: 100 | W92: 1.6 | X92: =IF(ISBLANK(W92),AVERAGE(W92:W1091),W92) -> 1.6 | Y92: yes | Z92: =CLEAN(Y92) -> yes | AA92: =IF(ISBLANK(Z92),"Unknown",Z92) -> yes | AB92: =PROPER(AA92) -> Yes | AC92: 97 | AD92: =IF(ISBLANK(AC92),AVERAGE(AC92:AC1091),AC92) -> 97
A93: FL250092 | B93: Miranda Hutchinson | C93: Miranda | D93: Hutchinson | E93: =CONCATENATE(C93," ",D93) -> Miranda Hutchinson | F93: =PROPER(E93) -> Miranda Hutchinson | H93: Female | I93: =PROPER(H93) -> Female | J93: 57 | K93: =IF(ISBLANK(J93),ROUND(AVERAGEIF($I$2:$I$1001,I93,$J$2:$J$1001),0),J93) -> 57 | L93: =IF(AND(K93>=20,K93<=30),"First level",IF(AND(K93>30,K93<=40),"Second level",IF(AND(K93>40,K93<=50),"Third level",IF(H100>50,"Fourth level")))) -> Fourth level | M93: Canada | N93: English | O93: Cybersecurity | P93: 18 | Q93: =IF(ISBLANK(P93),ROUND(AVERAGEIF($L$2:$L$1001,L93,$P$2:$P$1001),0),P93) -> 18 | R93: 50 | S93: 50 | T93: 50 | U93: =IF(ISBLANK(T93),AVERAGE(T92:T1092),T93) -> 50 | V93: 50 | W93: 2.4 | X93: =IF(ISBLANK(W93),AVERAGE(W93:W1092),W93) -> 2.4 | Y93: Yes | Z93: =CLEAN(Y93) -> Yes | AA93: =IF(ISBLANK(Z93),"Unknown",Z93) -> Yes | AB93: =PROPER(AA93) -> Yes | AC93: 63 | AD93: =IF(ISBLANK(AC93),AVERAGE(AC93:AC1092),AC93) -> 63
A94: FL250093 | B94: Paul Richardson | C94: Paul | D94: Richardson | E94: =CONCATENATE(C94," ",D94) -> Paul Richardson | F94: =PROPER(E94) -> Paul Richardson | H94: male | I94: =PROPER(H94) -> Male | J94: 53 | K94: =IF(ISBLANK(J94),ROUND(AVERAGEIF($I$2:$I$1001,I94,$J$2:$J$1001),0),J94) -> 53 | L94: =IF(AND(K94>=20,K94<=30),"First level",IF(AND(K94>30,K94<=40),"Second level",IF(AND(K94>40,K94<=50),"Third level",IF(H101>50,"Fourth level")))) -> Fourth level | M94: China | N94: Mandarin | O94: UI/UX Design | P94: 21 | Q94: =IF(ISBLANK(P94),ROUND(AVERAGEIF($L$2:$L$1001,L94,$P$2:$P$1001),0),P94) -> 21 | R94: USD 100 | S94: 100 | T94: 100 | U94: =IF(ISBLANK(T94),AVERAGE(T93:T1093),T94) -> 100 | V94: 100 | X94: =IF(ISBLANK(W94),AVERAGE(W94:W1093),W94) -> 2.5207617 | Y94: Yes | Z94: =CLEAN(Y94) -> Yes | AA94: =IF(ISBLANK(Z94),"Unknown",Z94) -> Yes | AB94: =PROPER(AA94) -> Yes | AC94: 97 | AD94: =IF(ISBLANK(AC94),AVERAGE(AC94:AC1093),AC94) -> 97
A95: FL250094 | B95: Jose Jones | C95: Jose | D95: Jones | E95: =CONCATENATE(C95," ",D95) -> Jose Jones | F95: =PROPER(E95) -> Jose Jones | H95: Male | I95: =PROPER(H95) -> Male | J95: 35 | K95: =IF(ISBLANK(J95),ROUND(AVERAGEIF($I$2:$I$1001,I95,$J$2:$J$1001),0),J95) -> 35 | L95: =IF(AND(K95>=20,K95<=30),"First level",IF(AND(K95>30,K95<=40),"Second level",IF(AND(K95>40,K95<=50),"Third level",IF(H102>50,"Fourth level")))) -> Second level | M95: Russia | N95: Russian | O95: Blockchain Development | P95: 3 | Q95: =IF(ISBLANK(P95),ROUND(AVERAGEIF($L$2:$L$1001,L95,$P$2:$P$1001),0),P95) -> 3 | R95: USD 30 | S95: 30 | T95: 30 | U95: =IF(ISBLANK(T95),AVERAGE(T94:T1094),T95) -> 30 | V95: 30 | W95: 3.8 | X95: =IF(ISBLANK(W95),AVERAGE(W95:W1094),W95) -> 3.8 | Y95: yes | Z95: =CLEAN(Y95) -> yes | AA95: =IF(ISBLANK(Z95),"Unknown",Z95) -> yes | AB95: =PROPER(AA95) -> Yes | AC95: 81 | AD95: =IF(ISBLANK(AC95),AVERAGE(AC95:AC1094),AC95) -> 81
A96: FL250095 | B96: Denise Smith | C96: Denise | D96: Smith | E96: =CONCATENATE(C96," ",D96) -> Denise Smith | F96: =PROPER(E96) -> Denise Smith | H96: Female | I96: =PROPER(H96) -> Female | J96: 54 | K96: =IF(ISBLANK(J96),ROUND(AVERAGEIF($I$2:$I$1001,I96,$J$2:$J$1001),0),J96) -> 54 | L96: =IF(AND(K96>=20,K96<=30),"First level",IF(AND(K96>30,K96<=40),"Second level",IF(AND(K96>40,K96<=50),"Third level",IF(H103>50,"Fourth level")))) -> Fourth level | M96: China | N96: Mandarin | O96: Machine Learning | P96: 17 | Q96: =IF(ISBLANK(P96),ROUND(AVERAGEIF($L$2:$L$1001,L96,$P$2:$P$1001),0),P96) -> 17 | R96: 20 | S96: 20 | T96: 20 | U96: =IF(ISBLANK(T96),AVERAGE(T95:T1095),T96) -> 20 | V96: 20 | W96: 1.7 | X96: =IF(ISBLANK(W96),AVERAGE(W96:W1095),W96) -> 1.7 | Y96: No | Z96: =CLEAN(Y96) -> No | AA96: =IF(ISBLANK(Z96),"Unknown",Z96) -> No | AB96: =PROPER(AA96) -> No | AC96: 69 | AD96: =IF(ISBLANK(AC96),AVERAGE(AC96:AC1095),AC96) -> 69
A97: FL250096 | B97: Shelby Mcmahon | C97: Shelby | D97: Mcmahon | E97: =CONCATENATE(C97," ",D97) -> Shelby Mcmahon | F97: =PROPER(E97) -> Shelby Mcmahon | H97: FEMALE | I97: =PROPER(H97) -> Female | J97: 36 | K97: =IF(ISBLANK(J97),ROUND(AVERAGEIF($I$2:$I$1001,I97,$J$2:$J$1001),0),J97) -> 36 | L97: =IF(AND(K97>=20,K97<=30),"First level",IF(AND(K97>30,K97<=40),"Second level",IF(AND(K97>40,K97<=50),"Third level",IF(H104>50,"Fourth level")))) -> Second level | M97: Italy | N97: Italian | O97: UI/UX Design | P97: 0 | Q97: =IF(ISBLANK(P97),ROUND(AVERAGEIF($L$2:$L$1001,L97,$P$2:$P$1001),0),P97) -> 0 | R97: 20 | S97: 20 | T97: 20 | U97: =IF(ISBLANK(T97),AVERAGE(T96:T1096),T97) -> 20 | V97: 20 | W97: 1.3 | X97: =IF(ISBLANK(W97),AVERAGE(W97:W1096),W97) -> 1.3 | Y97: Yes | Z97: =CLEAN(Y97) -> Yes | AA97: =IF(ISBLANK(Z97),"Unknown",Z97) -> Yes | AB97: =PROPER(AA97) -> Yes | AC97: 64 | AD97: =IF(ISBLANK(AC97),AVERAGE(AC97:AC1096),AC97) -> 64
A98: FL250097 | B98: Bethany Wright | C98: Bethany | D98: Wright | E98: =CONCATENATE(C98," ",D98) -> Bethany Wright | F98: =PROPER(E98) -> Bethany Wright | H98: Female | I98: =PROPER(H98) -> Female | J98: 49 | K98: =IF(ISBLANK(J98),ROUND(AVERAGEIF($I$2:$I$1001,I98,$J$2:$J$1001),0),J98) -> 49 | L98: =IF(AND(K98>=20,K98<=30),"First level",IF(AND(K98>30,K98<=40),"Second level",IF(AND(K98>40,K98<=50),"Third level",IF(H105>50,"Fourth level")))) -> Third level | M98: Spain | N98: Spanish | O98: Cybersecurity | P98: 25 | Q98: =IF(ISBLANK(P98),ROUND(AVERAGEIF($L$2:$L$1001,L98,$P$2:$P$1001),0),P98) -> 25 | R98: 50 | S98: 50 | T98: 50 | U98: =IF(ISBLANK(T98),AVERAGE(T97:T1097),T98) -> 50 | V98: 50 | W98: 5 | X98: =IF(ISBLANK(W98),AVERAGE(W98:W1097),W98) -> 5 | Y98: No | Z98: =CLEAN(Y98) -> No | AA98: =IF(ISBLANK(Z98),"Unknown",Z98) -> No | AB98: =PROPER(AA98) -> No | AC98: 77 | AD98: =IF(ISBLANK(AC98),AVERAGE(AC98:AC1097),AC98) -> 77
A99: FL250098 | B99: David Ortiz | C99: David | D99: Ortiz | E99: =CONCATENATE(C99," ",D99) -> David Ortiz | F99: =PROPER(E99) -> David Ortiz | H99: Male | I99: =PROPER(H99) -> Male | J99: 37 | K99: =IF(ISBLANK(J99),ROUND(AVERAGEIF($I$2:$I$1001,I99,$J$2:$J$1001),0),J99) -> 37 | L99: =IF(AND(K99>=20,K99<=30),"First level",IF(AND(K99>30,K99<=40),"Second level",IF(AND(K99>40,K99<=50),"Third level",IF(H106>50,"Fourth level")))) -> Second level | M99: United States | N99: English | O99: Blockchain Development | P99: 17 | Q99: =IF(ISBLANK(P99),ROUND(AVERAGEIF($L$2:$L$1001,L99,$P$2:$P$1001),0),P99) -> 17 | R99: 20 | S99: 20 | T99: 20 | U99: =IF(ISBLANK(T99),AVERAGE(T98:T1098),T99) -> 20 | V99: 20 | W99: 3.3 | X99: =IF(ISBLANK(W99),AVERAGE(W99:W1098),W99) -> 3.3 | Y99: No | Z99: =CLEAN(Y99) -> No | AA99: =IF(ISBLANK(Z99),"Unknown",Z99) -> No | AB99: =PROPER(AA99) -> No | AC99: 96 | AD99: =IF(ISBLANK(AC99),AVERAGE(AC99:AC1098),AC99) -> 96
A100: FL250099 | B100: Andrew Lynch | C100: Andrew | D100: Lynch | E100: =CONCATENATE(C100," ",D100) -> Andrew Lynch | F100: =PROPER(E100) -> Andrew Lynch | H100: MALE | I100: =PROPER(H100) -> Male | K100: =IF(ISBLANK(J100),ROUND(AVERAGEIF($I$2:$I$1001,I100,$J$2:$J$1001),0),J100) -> 41 | L100: =IF(AND(K100>=20,K100<=30),"First level",IF(AND(K100>30,K100<=40),"Second level",IF(AND(K100>40,K100<=50),"Third level",IF(H107>50,"Fourth level")))) -> Third level | M100: United States | N100: English | O100: UI/UX Design | P100: 5 | Q100: =IF(ISBLANK(P100),ROUND(AVERAGEIF($L$2:$L$1001,L100,$P$2:$P$1001),0),P100) -> 5 | R100: $20 | S100: $20 | T100: 20 | U100: =IF(ISBLANK(T100),AVERAGE(T99:T1099),T100) -> 20 | V100: 20 | W100: 1.1 | X100: =IF(ISBLANK(W100),AVERAGE(W100:W1099),W100) -> 1.1 | Y100: no | Z100: =CLEAN(Y100) -> no | AA100: =IF(ISBLANK(Z100),"Unknown",Z100) -> no | AB100: =PROPER(AA100) -> No | AC100: 74 | AD100: =IF(ISBLANK(AC100),AVERAGE(AC100:AC1099),AC100) -> 74
...

Sheet Cleaned Data
A1: freelancer_ID | B1: name | C1: gender | D1: age | E1: country | F1: language | G1: primary_skill | H1: years_of_experience | I1: hourly_rate (USD) | J1: rating | K1: is_active | L1: client_satisfaction
A2: FL250630 | B2: =VLOOKUP(A2,Sheet1!A:E,5,0) -> Angela Blackwell | C2: =VLOOKUP(A2,Sheet1!A:I,9,0) -> Female | D2: =VLOOKUP(A2,Sheet1!A:K,11,0) -> 60 | E2: =VLOOKUP(A2,Sheet1!A:M,13,0) -> Turkey | F2: =VLOOKUP(A2,Sheet1!A:N,14,0) -> Turkish | G2: =VLOOKUP(A2,Sheet1!A:O,15,0) -> Web Development | H2: =VLOOKUP(A2,Sheet1!A:Q,17,0) -> 41 | I2: =VLOOKUP(A2,Sheet1!A:V,22,0) -> 40 | J2: =VLOOKUP(A2,Sheet1!A:X,24,0) -> 4.9 | K2: =VLOOKUP(A2,Sheet1!A:AB,28,0) -> Yes | L2: =VLOOKUP(A2,Sheet1!A:AD,30,0) -> 66
A3: FL250279 | B3: =VLOOKUP(A3,Sheet1!A:E,5,0) -> Anthony Goodwin | C3: =VLOOKUP(A3,Sheet1!A:I,9,0) -> Male | D3: =VLOOKUP(A3,Sheet1!A:K,11,0) -> 60 | E3: =VLOOKUP(A3,Sheet1!A:M,13,0) -> Turkey | F3: =VLOOKUP(A3,Sheet1!A:N,14,0) -> Turkish | G3: =VLOOKUP(A3,Sheet1!A:O,15,0) -> Data Analysis | H3: =VLOOKUP(A3,Sheet1!A:Q,17,0) -> 6 | I3: =VLOOKUP(A3,Sheet1!A:V,22,0) -> 52.435312 | J3: =VLOOKUP(A3,Sheet1!A:X,24,0) -> 3.2 | K3: =VLOOKUP(A3,Sheet1!A:AB,28,0) -> No | L3: =VLOOKUP(A3,Sheet1!A:AD,30,0) -> 95
A4: FL250169 | B4: =VLOOKUP(A4,Sheet1!A:E,5,0) -> Anthony Larsen | C4: =VLOOKUP(A4,Sheet1!A:I,9,0) -> Male | D4: =VLOOKUP(A4,Sheet1!A:K,11,0) -> 60 | E4: =VLOOKUP(A4,Sheet1!A:M,13,0) -> Argentina | F4: =VLOOKUP(A4,Sheet1!A:N,14,0) -> Spanish | G4: =VLOOKUP(A4,Sheet1!A:O,15,0) -> Cybersecurity | H4: =VLOOKUP(A4,Sheet1!A:Q,17,0) -> 20 | I4: =VLOOKUP(A4,Sheet1!A:V,22,0) -> 40 | J4: =VLOOKUP(A4,Sheet1!A:X,24,0) -> 1.4 | K4: =VLOOKUP(A4,Sheet1!A:AB,28,0) -> No | L4: =VLOOKUP(A4,Sheet1!A:AD,30,0) -> 87
A5: FL250986 | B5: =VLOOKUP(A5,Sheet1!A:E,5,0) -> Bradley Wu | C5: =VLOOKUP(A5,Sheet1!A:I,9,0) -> Male | D5: =VLOOKUP(A5,Sheet1!A:K,11,0) -> 60 | E5: =VLOOKUP(A5,Sheet1!A:M,13,0) -> Spain | F5: =VLOOKUP(A5,Sheet1!A:N,14,0) -> Spanish | G5: =VLOOKUP(A5,Sheet1!A:O,15,0) -> Blockchain Development | H5: =VLOOKUP(A5,Sheet1!A:Q,17,0) -> 39 | I5: =VLOOKUP(A5,Sheet1!A:V,22,0) -> 20 | J5: =VLOOKUP(A5,Sheet1!A:X,24,0) -> 1.4 | K5: =VLOOKUP(A5,Sheet1!A:AB,28,0) -> Yes | L5: =VLOOKUP(A5,Sheet1!A:AD,30,0) -> 86
A6: FL250862 | B6: =VLOOKUP(A6,Sheet1!A:E,5,0) -> Christopher Johnson | C6: =VLOOKUP(A6,Sheet1!A:I,9,0) -> Male | D6: =VLOOKUP(A6,Sheet1!A:K,11,0) -> 60 | E6: =VLOOKUP(A6,Sheet1!A:M,13,0) -> Japan | F6: =VLOOKUP(A6,Sheet1!A:N,14,0) -> Japanese | G6: =VLOOKUP(A6,Sheet1!A:O,15,0) -> AI | H6: =VLOOKUP(A6,Sheet1!A:Q,17,0) -> 19 | I6: =VLOOKUP(A6,Sheet1!A:V,22,0) -> 20 | J6: =VLOOKUP(A6,Sheet1!A:X,24,0) -> 2.2 | K6: =VLOOKUP(A6,Sheet1!A:AB,28,0) -> No | L6: =VLOOKUP(A6,Sheet1!A:AD,30,0) -> 60
A7: FL250225 | B7: =VLOOKUP(A7,Sheet1!A:E,5,0) -> Darrell Johnson | C7: =VLOOKUP(A7,Sheet1!A:I,9,0) -> Male | D7: =VLOOKUP(A7,Sheet1!A:K,11,0) -> 60 | E7: =VLOOKUP(A7,Sheet1!A:M,13,0) -> Canada | F7: =VLOOKUP(A7,Sheet1!A:N,14,0) -> English | G7: =VLOOKUP(A7,Sheet1!A:O,15,0) -> Machine Learning | H7: =VLOOKUP(A7,Sheet1!A:Q,17,0) -> 3 | I7: =VLOOKUP(A7,Sheet1!A:V,22,0) -> 40 | J7: =VLOOKUP(A7,Sheet1!A:X,24,0) -> 4.7 | K7: =VLOOKUP(A7,Sheet1!A:AB,28,0) -> No | L7: =VLOOKUP(A7,Sheet1!A:AD,30,0) -> 63
A8: FL250333 | B8: =VLOOKUP(A8,Sheet1!A:E,5,0) -> Edwin Carter | C8: =VLOOKUP(A8,Sheet1!A:I,9,0) -> Male | D8: =VLOOKUP(A8,Sheet1!A:K,11,0) -> 60 | E8: =VLOOKUP(A8,Sheet1!A:M,13,0) -> United States | F8: =VLOOKUP(A8,Sheet1!A:N,14,0) -> English | G8: =VLOOKUP(A8,Sheet1!A:O,15,0) -> DevOps | H8: =VLOOKUP(A8,Sheet1!A:Q,17,0) -> 34 | I8: =VLOOKUP(A8,Sheet1!A:V,22,0) -> 52.397035 | J8: =VLOOKUP(A8,Sheet1!A:X,24,0) -> 2.5 | K8: =VLOOKUP(A8,Sheet1!A:AB,28,0) -> No | L8: =VLOOKUP(A8,Sheet1!A:AD,30,0) -> 93
A9: FL250070 | B9: =VLOOKUP(A9,Sheet1!A:E,5,0) -> Gina Thompson | C9: =VLOOKUP(A9,Sheet1!A:I,9,0) -> Female | D9: =VLOOKUP(A9,Sheet1!A:K,11,0) -> 60 | E9: =VLOOKUP(A9,Sheet1!A:M,13,0) -> China | F9: =VLOOKUP(A9,Sheet1!A:N,14,0) -> Mandarin | G9: =VLOOKUP(A9,Sheet1!A:O,15,0) -> UI/UX Design | H9: =VLOOKUP(A9,Sheet1!A:Q,17,0) -> 38 | I9: =VLOOKUP(A9,Sheet1!A:V,22,0) -> 20 | J9: =VLOOKUP(A9,Sheet1!A:X,24,0) -> 2 | K9: =VLOOKUP(A9,Sheet1!A:AB,28,0) -> No | L9: =VLOOKUP(A9,Sheet1!A:AD,30,0) -> 71
A10: FL250728 | B10: =VLOOKUP(A10,Sheet1!A:E,5,0) -> Ian Hayes | C10: =VLOOKUP(A10,Sheet1!A:I,9,0) -> Male | D10: =VLOOKUP(A10,Sheet1!A:K,11,0) -> 60 | E10: =VLOOKUP(A10,Sheet1!A:M,13,0) -> France | F10: =VLOOKUP(A10,Sheet1!A:N,14,0) -> French | G10: =VLOOKUP(A10,Sheet1!A:O,15,0) -> UI/UX Design | H10: =VLOOKUP(A10,Sheet1!A:Q,17,0) -> 0 | I10: =VLOOKUP(A10,Sheet1!A:V,22,0) -> 40 | J10: =VLOOKUP(A10,Sheet1!A:X,24,0) -> 4.9 | K10: =VLOOKUP(A10,Sheet1!A:AB,28,0) -> Yes | L10: =VLOOKUP(A10,Sheet1!A:AD,30,0) -> 68
A11: FL250040 | B11: =VLOOKUP(A11,Sheet1!A:E,5,0) -> James Hernandez | C11: =VLOOKUP(A11,Sheet1!A:I,9,0) -> Male | D11: =VLOOKUP(A11,Sheet1!A:K,11,0) -> 60 | E11: =VLOOKUP(A11,Sheet1!A:M,13,0) -> Japan | F11: =VLOOKUP(A11,Sheet1!A:N,14,0) -> Japanese | G11: =VLOOKUP(A11,Sheet1!A:O,15,0) -> Web Development | H11: =VLOOKUP(A11,Sheet1!A:Q,17,0) -> 13 | I11: =VLOOKUP(A11,Sheet1!A:V,22,0) -> 20 | J11: =VLOOKUP(A11,Sheet1!A:X,24,0) -> 3.6 | K11: =VLOOKUP(A11,Sheet1!A:AB,28,0) -> No | L11: =VLOOKUP(A11,Sheet1!A:AD,30,0) -> 80
A12: FL250727 | B12: =VLOOKUP(A12,Sheet1!A:E,5,0) -> John Castillo | C12: =VLOOKUP(A12,Sheet1!A:I,9,0) -> Male | D12: =VLOOKUP(A12,Sheet1!A:K,11,0) -> 60 | E12: =VLOOKUP(A12,Sheet1!A:M,13,0) -> Japan | F12: =VLOOKUP(A12,Sheet1!A:N,14,0) -> Japanese | G12: =VLOOKUP(A12,Sheet1!A:O,15,0) -> Data Analysis | H12: =VLOOKUP(A12,Sheet1!A:Q,17,0) -> 24 | I12: =VLOOKUP(A12,Sheet1!A:V,22,0) -> 40 | J12: =VLOOKUP(A12,Sheet1!A:X,24,0) -> 3.1 | K12: =VLOOKUP(A12,Sheet1!A:AB,28,0) -> No | L12: =VLOOKUP(A12,Sheet1!A:AD,30,0) -> 69
A13: FL250167 | B13: =VLOOKUP(A13,Sheet1!A:E,5,0) -> John Smith | C13: =VLOOKUP(A13,Sheet1!A:I,9,0) -> Male | D13: =VLOOKUP(A13,Sheet1!A:K,11,0) -> 60 | E13: =VLOOKUP(A13,Sheet1!A:M,13,0) -> South Korea | F13: =VLOOKUP(A13,Sheet1!A:N,14,0) -> Korean | G13: =VLOOKUP(A13,Sheet1!A:O,15,0) -> Mobile Apps | H13: =VLOOKUP(A13,Sheet1!A:Q,17,0) -> 33 | I13: =VLOOKUP(A13,Sheet1!A:V,22,0) -> 40 | J13: =VLOOKUP(A13,Sheet1!A:X,24,0) -> 3.6 | K13: =VLOOKUP(A13,Sheet1!A:AB,28,0) -> Yes | L13: =VLOOKUP(A13,Sheet1!A:AD,30,0) -> 87
... A1001: FL250825 | B1001: =VLOOKUP(A1001,Sheet1!A:E,5,0) -> William Harris | C1001: =VLOOKUP(A1001,Sheet1!A:I,9,0) -> Male | D1001: =VLOOKUP(A1001,Sheet1!A:K,11,0) -> 20 | E1001: =VLOOKUP(A1001,Sheet1!A:M,13,0) -> South Korea | F1001: =VLOOKUP(A1001,Sheet1!A:N,14,0) -> Korean | G1001: =VLOOKUP(A1001,Sheet1!A:O,15,0) -> AI | H1001: =VLOOKUP(A1001,Sheet1!A:Q,17,0) -> 1 | I1001: =VLOOKUP(A1001,Sheet1!A:V,22,0) -> 50 | J1001: =VLOOKUP(A1001,Sheet1!A:X,24,0) -> 2.3955696 | K1001: =VLOOKUP(A1001,Sheet1!A:AB,28,0) -> Yes | L1001: =VLOOKUP(A1001,Sheet1!A:AD,30,0) -> 81
